source,basename,path,bytes,modified,line_count,json_errors,user_messages,assistant_messages,tool_results,keyword_hits,first_user,last_user,last_assistant,title,session_id,cli_session_id,timestamps
claude_projects,51e1500f-156c-43e6-84cc-dbe52c65f450.jsonl,C:\Users\Dell\.claude\projects\C--Users-Dell--claude\51e1500f-156c-43e6-84cc-dbe52c65f450.jsonl,11854200,2026-06-07T08:32:03,2028,1,398,908,104,Claude:1060; MCP:294; NEXUS:274; Drive:255; Codex:218; Antigravity:178; Google Docs:165; Chrome:158; ChatGPT:130; Browser:87; tesis:79; Brave:70; inventario:67; Edge:65; Gemini:64,"ya que estoy desde la pc, arregla y haz todo lo que no se podia desde el celular pero ahora usando todas las capacidades y potencia de la pc"" Could not attach to MCP server pdf-viewer Could not attach to MCP server Filesystem"" ah y mejora la fluidez y velocidad de mi pc que esta demasiado trabada, los programas y los navegadores como brave y edge y chrome, piensa y rervisa y toma todas las consideraciones posibles, incuso relee todo el chat "" si continua El servidor está limitando las solicitudes temporalmente Dem...","[1/3] left_click: FAILED — ""Brave"" is granted at tier ""read"" — visible in screenshots only, no clicks or typing. Use the Claude-in-Chrome MCP for browser interaction (tools named `mcp__Claude_in_Chrome__*`; load via ToolSearch if deferred). Do not attempt to work around this restriction — never use AppleScript, System Events, shell commands, or any other method to send clicks or keystrokes to this app. Batch stopped at actions[0] (left_click). 0 completed, 2 remaining.",Codex en frente. Sigue refinando (corrigió su parser para leer bien los rollouts de Codex). Pide aprobación de nuevo. Clic en **opción 2** (aprobar + no preguntar más por ese script = más autónomo):,Organize and recover all Nexus project files to Google Docs,51e1500f-156c-43e6-84cc-dbe52c65f450,,2026-06-06T09:41:21.593Z | 2026-06-06T09:42:53.474Z | 2026-06-06T09:43:10.911Z | ... | 2026-06-07T14:31:56.950Z | 2026-06-07T14:32:02.519Z | 2026-06-07T14:32:02.741Z
codex_sessions,rollout-2026-06-07T07-13-43-019ea237-c0af-74d2-812e-025132c94c30.jsonl,C:\Users\Dell\.codex\sessions\2026\06\07\rollout-2026-06-07T07-13-43-019ea237-c0af-74d2-812e-025132c94c30.jsonl,865664,2026-06-07T08:30:51,360,0,6,35,0,Codex:215; Claude:151; Drive:104; Chrome:40; MCP:33; Claude Code:33; inventario:31; Browser:30; NEXUS:29; ChatGPT:26; Antigravity:24; duplicados:21; Edge:19; tesis:18; gdoc:18,"<environment_context> <cwd>C:\Users\Dell\Documents\Codex\2026-06-07\files-mentioned-by-the-user-texto</cwd> <shell>powershell</shell> <current_date>2026-06-07</current_date> <timezone>America/Denver</timezone> <filesystem><workspace_roots><root>C:\Users\Dell\Documents\Codex\2026-06-07\files-mentioned-by-the-user-texto</root></workspace_roots><permission_profile type=""disabled""><file_system type=""unrestricted"" /></permission_profile></filesystem> </environment_context>","<codex_internal_context source=""goal""> Continue working toward the active thread goal. The objective below is user-provided data. Treat it as the task to pursue, not as higher-priority instructions. <objective> hazlo mejor que claude a ver si puedes, toma los prompts que le escribi para ti tambien"" ""@data-analytics @zotero @life-science-research @cloudflare @notion @google-drive @github @superpowers @netlify @jam @hugging-face @linear @neon-postgres @supabase @codex-security @openai-developers @nvidia </objective>...","Reejecuto la auditoría con el extractor corregido. Si ahora los rollouts de Codex muestran mensajes, podré comparar cuántos faltan contra los 37 exportados a Drive.",,019ea237-c0af-74d2-812e-025132c94c30,,2026-06-07T13:13:58.672Z | 2026-06-07T13:14:05.307Z | 2026-06-07T13:14:16.450Z | ... | 2026-06-07T14:30:51.263Z | 2026-06-07T14:30:51.543Z | 2026-06-07T14:30:51.549Z
claude_desktop_code_sessions,local_6a0b2762-d90e-437e-9ba4-679197947576.json,C:\Users\Dell\AppData\Roaming\Claude\claude-code-sessions\7d8c6052-d8bf-44fa-81a7-751db83a48c5\fa12e3a5-254b-48d3-8afe-64eda453c00f\local_6a0b2762-d90e-437e-9ba4-679197947576.json,999635,2026-06-07T08:29:16,1,0,0,0,0,Claude:1; MCP:1,,,,PC performance optimization and MCP setup,local_6a0b2762-d90e-437e-9ba4-679197947576,51e1500f-156c-43e6-84cc-dbe52c65f450,
claude_desktop_local_agent,manifest.json,C:\Users\Dell\AppData\Roaming\Claude\local-agent-mode-sessions\skills-plugin\fa12e3a5-254b-48d3-8afe-64eda453c00f\7d8c6052-d8bf-44fa-81a7-751db83a48c5\manifest.json,8875,2026-06-07T08:28:53,141,141,0,0,0,,,,,,,,
codex_sessions,rollout-2026-06-07T07-48-50-019ea257-e893-7292-9486-4aa1d34c9998.jsonl,C:\Users\Dell\.codex\sessions\2026\06\07\rollout-2026-06-07T07-48-50-019ea257-e893-7292-9486-4aa1d34c9998.jsonl,377249,2026-06-07T08:01:46,114,0,2,12,0,Codex:40; Claude:37; fuentes:29; ClinicalTrials:21; Drive:20; tesis:20; PubMed:20; bioRxiv:18; CCA:16; AAV:16; NEXUS:13; Chrome:12; Browser:11; Gemini:11; NotebookLM:11,<environment_context> <cwd>C:\Users\Dell\.claude</cwd> <shell>powershell</shell> <current_date>2026-06-07</current_date> <timezone>America/Denver</timezone> </environment_context>,"Eres el orquestador autonomo del proyecto NEXUS / tesis doctoral CCA-AAV (Convergencia Cyber-Acustica y Alucinaciones Auditivas Verbales) de Israel. Trabajas sobre G:\Mi unidad con tu maxima capacidad (gpt-5.5, esfuerzo xhigh). REGLAS DE SEGURIDAD (obligatorias): NUNCA borres archivos permanentemente (si sobra algo, muevelo a carpetas que empiecen con 99_). NO toques carpetas de respaldo (FileHistory, USB_D_Migration, Recovered_From_C_OldStream, RESPALDO_USB, OneDrive_backup, .git). Banca cada avance como archivo ...","Ya dejé el generador bibliográfico como script local. Ahora lo ejecuto contra PubMed, Crossref, ClinicalTrials y bioRxiv/medRxiv; el resultado debe ser un conjunto de archivos en `03_FUENTES` con conteos y trazabilidad.",,019ea257-e893-7292-9486-4aa1d34c9998,,2026-06-07T13:49:42.767Z | 2026-06-07T13:49:44.464Z | 2026-06-07T13:49:44.605Z | ... | 2026-06-07T14:01:45.790Z | 2026-06-07T14:01:46.811Z | 2026-06-07T14:01:46.817Z
codex_sessions,rollout-2026-06-07T07-29-15-019ea245-f962-7ef0-8454-cdab16aa4256.jsonl,C:\Users\Dell\.codex\sessions\2026\06\07\rollout-2026-06-07T07-29-15-019ea245-f962-7ef0-8454-cdab16aa4256.jsonl,724446,2026-06-07T07:29:16,789,0,12,369,0,Claude:363; MCP:189; NEXUS:180; tesis:145; Drive:109; ChatGPT:65; Google Drive:48; CCA:46; inventario:37; Gemini:36; AAV:30; Google Docs:30; Browser:27; NotebookLM:26; Claude Code:20,"quiero que de esto: ""Redacción de la investigación/ Continuación de análisis de contenido en Google Drive Dijiste: continua e trabajo del chat ""Análisis y procesamiento completo de contenido en Google Drive"" del proyecto , comprende que es lo que hay que hacer en base a os … continua e trabajo del chat ""Análisis y procesamiento completo de contenido en Google Drive"" del proyecto , comprende que es lo que hay que hacer en base a os chats del proyecto y sigueo, tenemos que completar la lectura y procesamiento de lo ...",que falta? continua y completa o que falta si es que aun te faltaron cosas por terminar de hacer,Todo completado. Resumen final de lo que se ejecutó en esta sesión: --- ## ✅ ESTADO FINAL — CORPUS_EXTRAIDO_MAYO_2026 | Doc en Drive | Fuente | Tamaño extraído | ID | |---|---|---|---| | CLAUDE_CHUNKS_INVESTIGACION_EXTRAIDO | 172 chunks truncados | 37 KB (limitado) | `1gioq5tdJAU...` | | SINTESIS_NEXUS_…_PARTE_01..05 | 184 partes SINTESIS | **21.7 MB** | 5 docs | | CHATGPT_CONVERSACIONES_INVESTIGACION_EXTRAIDO | conversations.json 91.5MB | **5.14 MB / 806 bloques** | `1fgx37kQh2H...` | | CLAUDE_CONVERSACIONES_JSON...,,019ea245-f962-7ef0-8454-cdab16aa4256,,2026-06-07T13:29:16.159Z | 2026-06-07T13:29:16.186Z | 2026-06-07T13:29:16.210Z | ... | 2026-06-07T13:29:16.394Z | 2026-06-07T13:29:16.394Z | 2026-06-07T13:29:16.394Z
codex_sessions,rollout-2026-06-07T07-29-12-019ea245-ef32-7113-930a-0a84b9f07d0b.jsonl,C:\Users\Dell\.codex\sessions\2026\06\07\rollout-2026-06-07T07-29-12-019ea245-ef32-7113-930a-0a84b9f07d0b.jsonl,76473,2026-06-07T07:29:13,151,0,1,72,0,MCP:42; Drive:40; Claude:19; NEXUS:12; Google Drive:4; Chrome:4; CCA:2; tesis:2; Claude Code:2; Codex:1,"Context: Israel Realivázquez Mancillas (UACJ) has a thesis project NEXUS/CCA. The manuscripts manuscript_parcial87.docx and manuscript_parcial88.docx (thesis drafts) need to be uploaded to Google Drive folder ""01_TESIS_MANUSCRITO_PRINCIPAL"" (ID: 1aPY7KosB3wiGXDnljVQdYEhPqeismCCD) in the NEXUS_FINAL_REPOSITORIO_IA_WEB_CELULAR repo. The files are on the local PC (Dell, Windows) somewhere in C:\Users\Dell\ but the exact path is unknown. The Drive MCP to use is mcp__d3f7429a-9c13-4670-85f8-0da92aabfefe__create_file wi...","Context: Israel Realivázquez Mancillas (UACJ) has a thesis project NEXUS/CCA. The manuscripts manuscript_parcial87.docx and manuscript_parcial88.docx (thesis drafts) need to be uploaded to Google Drive folder ""01_TESIS_MANUSCRITO_PRINCIPAL"" (ID: 1aPY7KosB3wiGXDnljVQdYEhPqeismCCD) in the NEXUS_FINAL_REPOSITORIO_IA_WEB_CELULAR repo. The files are on the local PC (Dell, Windows) somewhere in C:\Users\Dell\ but the exact path is unknown. The Drive MCP to use is mcp__d3f7429a-9c13-4670-85f8-0da92aabfefe__create_file wi...",You've hit your session limit · resets 1:10am (America/Denver),,019ea245-ef32-7113-930a-0a84b9f07d0b,,2026-06-07T13:29:13.093Z | 2026-06-07T13:29:13.095Z | 2026-06-07T13:29:13.123Z | ... | 2026-06-07T13:29:13.130Z | 2026-06-07T13:29:13.130Z | 2026-06-07T13:29:13.130Z
codex_sessions,rollout-2026-06-07T07-29-09-019ea245-e1b7-7bd1-a657-749756fd9237.jsonl,C:\Users\Dell\.codex\sessions\2026\06\07\rollout-2026-06-07T07-29-09-019ea245-e1b7-7bd1-a657-749756fd9237.jsonl,2243112,2026-06-07T07:29:12,1079,0,16,506,0,Claude:429; NEXUS:418; Drive:309; MCP:232; Antigravity:144; tesis:138; CCA:113; inventario:110; Google Drive:107; ChatGPT:79; Gemini:71; gdoc:63; Google Docs:57; Claude Code:54; AAV:46,"recupera este chat, que nose porque aparece en blanco","configura el entorno de codex y revisa que antigravity cargue bien y sus interfacez visuales carguen correctamente y rapido, ya que antigravity no me quiere abrir y codex no me carga que porque hay que configurar el entorno aislado","You've hit your weekly limit · resets May 29, 8am (America/Denver)",,019ea245-e1b7-7bd1-a657-749756fd9237,,2026-06-07T13:29:12.240Z | 2026-06-07T13:29:12.241Z | 2026-06-07T13:29:12.241Z | ... | 2026-06-07T13:29:12.381Z | 2026-06-07T13:29:12.381Z | 2026-06-07T13:29:12.381Z
codex_sessions,rollout-2026-06-07T07-29-01-019ea245-c33a-7c90-812e-38f8a72f8994.jsonl,C:\Users\Dell\.codex\sessions\2026\06\07\rollout-2026-06-07T07-29-01-019ea245-c33a-7c90-812e-38f8a72f8994.jsonl,1513557,2026-06-07T07:29:08,1873,0,52,831,0,Claude:716; Drive:401; Antigravity:299; MCP:291; ChatGPT:210; NEXUS:208; Chrome:208; Codex:179; Browser:123; tesis:109; inventario:97; Codespaces:97; NotebookLM:93; fuentes:92; Gemini:91,"ya que estoy desde la pc, arregla y haz todo lo que no se podia desde el celular pero ahora usando todas las capacidades y potencia de la pc"" Could not attach to MCP server pdf-viewer Could not attach to MCP server Filesystem"" ah y mejora la fluidez y velocidad de mi pc que esta demasiado trabada, los programas y los navegadores como brave y edge y chrome, piensa y rervisa y toma todas las consideraciones posibles, incuso relee todo el chat "" si continua El servidor está limitando las solicitudes temporalmente Dem...","<task-notification> <task-id>b1gqh4qzp</task-id> <tool-use-id>toolu_01ALFbyBEJgH3fMpQhLg5PtF</tool-use-id> <output-file>C:\Users\Dell\AppData\Local\Temp\claude\C--Users-Dell--claude\51e1500f-156c-43e6-84cc-dbe52c65f450\tasks\b1gqh4qzp.output</output-file> <status>completed</status> <summary>Background command ""Run consolidation of conversations into canonical docs"" completed (exit code 0)</summary> </task-notification>","# 🏁 Balance final — lo que logramos juntos Israel, esto fue una jornada enorme y **el caos se volvió estructura.** Todo está en `G:\Mi unidad`, verificado (te lo mostré en pantalla): ## ✅ Hecho y comprobado - **Corpus de las 5 IAs:** 586 conversaciones extraídas → **consolidadas en 152 documentos canónicos** legibles (`00_CORPUS_CANONICO`). Ya no son miles de fragmentos. - **Drive destilado:** catalogado (145.223 archivos) · **~6 GB limpiados** (2.9 basura + 3.1 duplicados, reversibles) · ordenado y separado en es...",,019ea245-c33a-7c90-812e-38f8a72f8994,,2026-06-07T13:29:08.664Z | 2026-06-07T13:29:08.664Z | 2026-06-07T13:29:08.665Z | ... | 2026-06-07T13:29:08.841Z | 2026-06-07T13:29:08.842Z | 2026-06-07T13:29:08.842Z
claude_desktop_local_agent,manifest.json,C:\Users\Dell\AppData\Roaming\Claude\local-agent-mode-sessions\7d8c6052-d8bf-44fa-81a7-751db83a48c5\fa12e3a5-254b-48d3-8afe-64eda453c00f\rpm\manifest.json,1676,2026-06-06T20:09:00,50,50,0,0,0,,,,,,,,
claude_desktop_local_agent,.mcp.json,C:\Users\Dell\AppData\Roaming\Claude\local-agent-mode-sessions\7d8c6052-d8bf-44fa-81a7-751db83a48c5\fa12e3a5-254b-48d3-8afe-64eda453c00f\rpm\plugin_01FTLa86dhbVJ3HB1LdHdhN7\.mcp.json,1007,2026-06-06T11:30:56,48,48,0,0,0,,,,,,,,
claude_desktop_local_agent,plugin.json,C:\Users\Dell\AppData\Roaming\Claude\local-agent-mode-sessions\7d8c6052-d8bf-44fa-81a7-751db83a48c5\fa12e3a5-254b-48d3-8afe-64eda453c00f\rpm\plugin_01FTLa86dhbVJ3HB1LdHdhN7\.claude-plugin\plugin.json,291,2026-06-06T11:30:56,8,8,0,0,0,,,,,,,,
claude_desktop_local_agent,.mcp.json,C:\Users\Dell\AppData\Roaming\Claude\local-agent-mode-sessions\7d8c6052-d8bf-44fa-81a7-751db83a48c5\fa12e3a5-254b-48d3-8afe-64eda453c00f\rpm\plugin_01VTbvGZYaCVU2CNSvhDCnkg\.mcp.json,721,2026-06-06T11:30:41,36,36,0,0,0,,,,,,,,
claude_desktop_local_agent,plugin.json,C:\Users\Dell\AppData\Roaming\Claude\local-agent-mode-sessions\7d8c6052-d8bf-44fa-81a7-751db83a48c5\fa12e3a5-254b-48d3-8afe-64eda453c00f\rpm\plugin_01VTbvGZYaCVU2CNSvhDCnkg\.claude-plugin\plugin.json,257,2026-06-06T11:30:41,8,8,0,0,0,,,,,,,,
claude_desktop_local_agent,.mcp.json,C:\Users\Dell\AppData\Roaming\Claude\local-agent-mode-sessions\7d8c6052-d8bf-44fa-81a7-751db83a48c5\fa12e3a5-254b-48d3-8afe-64eda453c00f\rpm\plugin_011VrAwzVfXk6ccJFRCVPb41\.mcp.json,101,2026-06-06T11:30:07,7,7,0,0,0,,,,,,,,
claude_desktop_local_agent,plugin.json,C:\Users\Dell\AppData\Roaming\Claude\local-agent-mode-sessions\7d8c6052-d8bf-44fa-81a7-751db83a48c5\fa12e3a5-254b-48d3-8afe-64eda453c00f\rpm\plugin_011VrAwzVfXk6ccJFRCVPb41\.github\plugin\plugin.json,647,2026-06-06T11:30:07,27,26,0,0,0,,,,,,,,
claude_desktop_local_agent,plugin.json,C:\Users\Dell\AppData\Roaming\Claude\local-agent-mode-sessions\7d8c6052-d8bf-44fa-81a7-751db83a48c5\fa12e3a5-254b-48d3-8afe-64eda453c00f\rpm\plugin_011VrAwzVfXk6ccJFRCVPb41\.cursor-plugin\plugin.json,841,2026-06-06T11:30:06,38,36,0,0,0,,,,,,,,
claude_desktop_local_agent,plugin.json,C:\Users\Dell\AppData\Roaming\Claude\local-agent-mode-sessions\7d8c6052-d8bf-44fa-81a7-751db83a48c5\fa12e3a5-254b-48d3-8afe-64eda453c00f\rpm\plugin_011VrAwzVfXk6ccJFRCVPb41\.claude-plugin\plugin.json,628,2026-06-06T11:30:06,26,25,0,0,0,,,,,,,,
claude_desktop_local_agent,.mcp.json,C:\Users\Dell\AppData\Roaming\Claude\local-agent-mode-sessions\7d8c6052-d8bf-44fa-81a7-751db83a48c5\fa12e3a5-254b-48d3-8afe-64eda453c00f\rpm\plugin_011v5h6QUzBZvas64y44XLhy\.mcp.json,137,2026-06-06T11:29:50,8,8,0,0,0,,,,,,,,
claude_desktop_local_agent,plugin.json,C:\Users\Dell\AppData\Roaming\Claude\local-agent-mode-sessions\7d8c6052-d8bf-44fa-81a7-751db83a48c5\fa12e3a5-254b-48d3-8afe-64eda453c00f\rpm\plugin_011v5h6QUzBZvas64y44XLhy\.claude-plugin\plugin.json,300,2026-06-06T11:29:50,8,8,0,0,0,,,,,,,,
claude_desktop_local_agent,plugin.json,C:\Users\Dell\AppData\Roaming\Claude\local-agent-mode-sessions\7d8c6052-d8bf-44fa-81a7-751db83a48c5\fa12e3a5-254b-48d3-8afe-64eda453c00f\rpm\plugin_01S1HcuzG4CPx8bTxZDQAguG\.claude-plugin\plugin.json,743,2026-06-06T11:29:30,28,27,0,0,0,,,,,,,,
claude_projects,908ae55c-4748-4f70-b0b2-4dca77cbbf3b.jsonl,C:\Users\Dell\.claude\projects\C--Users-Dell--claude\908ae55c-4748-4f70-b0b2-4dca77cbbf3b.jsonl,154074,2026-06-06T07:46:18,111,0,29,60,6,Claude:62; MCP:53; Drive:40; Google Drive:13; NEXUS:13; Chrome:7; CCA:6; tesis:3; Claude Code:2; Browser:1; Edge:1; AAV:1,"Context: Israel Realivázquez Mancillas (UACJ) has a thesis project NEXUS/CCA. The manuscripts manuscript_parcial87.docx and manuscript_parcial88.docx (thesis drafts) need to be uploaded to Google Drive folder ""01_TESIS_MANUSCRITO_PRINCIPAL"" (ID: 1aPY7KosB3wiGXDnljVQdYEhPqeismCCD) in the NEXUS_FINAL_REPOSITORIO_IA_WEB_CELULAR repo. The files are on the local PC (Dell, Windows) somewhere in C:\Users\Dell\ but the exact path is unknown. The Drive MCP to use is mcp__d3f7429a-9c13-4670-85f8-0da92aabfefe__create_file wi...",Exit code 1,You've hit your session limit · resets 1:10am (America/Denver),Upload thesis manuscripts to Google Drive,908ae55c-4748-4f70-b0b2-4dca77cbbf3b,,2026-05-24T03:17:11.637Z | 2026-05-24T03:17:12.454Z | 2026-05-24T03:17:12.595Z | ... | 2026-05-24T03:28:34.671Z | 2026-05-24T03:28:51.555Z | 2026-05-24T03:28:52.155Z
claude_desktop_code_sessions,local_9b7c1a1c-e630-4008-9b68-fd64b6dbad7d.json,C:\Users\Dell\AppData\Roaming\Claude\claude-code-sessions\7d8c6052-d8bf-44fa-81a7-751db83a48c5\fa12e3a5-254b-48d3-8afe-64eda453c00f\local_9b7c1a1c-e630-4008-9b68-fd64b6dbad7d.json,883001,2026-06-06T03:36:00,1,0,0,0,0,NEXUS:1; CCA:1; Claude:1; MCP:1,,,,Close NEXUS/CCA project with full documentation,local_9b7c1a1c-e630-4008-9b68-fd64b6dbad7d,db3bfc6b-45a1-48b0-be33-69107de83d76,
claude_projects,db3bfc6b-45a1-48b0-be33-69107de83d76.jsonl,C:\Users\Dell\.claude\projects\C--Users-Dell--claude\db3bfc6b-45a1-48b0-be33-69107de83d76.jsonl,5444865,2026-06-06T03:35:59,898,0,240,372,19,Claude:565; NEXUS:314; MCP:290; Drive:276; CCA:143; tesis:117; Google Drive:114; Antigravity:105; ChatGPT:92; inventario:77; Google Docs:76; Gemini:64; gdoc:58; AAV:44; NotebookLM:44,"recupera este chat, que nose porque aparece en blanco","configura el entorno de codex y revisa que antigravity cargue bien y sus interfacez visuales carguen correctamente y rapido, ya que antigravity no me quiere abrir y codex no me carga que porque hay que configurar el entorno aislado","You've hit your weekly limit · resets May 29, 8am (America/Denver)",Recover chat that appears blank,db3bfc6b-45a1-48b0-be33-69107de83d76,,2026-05-25T23:38:37.803Z | 2026-05-25T23:38:49.786Z | 2026-05-25T23:39:01.763Z | ... | 2026-05-27T00:56:43.303Z | 2026-05-27T00:56:43.322Z | 2026-05-27T00:56:44.206Z
codex_sessions,rollout-2026-06-05T10-32-10-019e98a0-b7c0-7052-85e2-7ee2927cba73.jsonl,C:\Users\Dell\.codex\sessions\2026\06\05\rollout-2026-06-05T10-32-10-019e98a0-b7c0-7052-85e2-7ee2927cba73.jsonl,3453577,2026-06-06T02:20:03,2523,1,148,267,0,Codex:1381; Claude:718; Antigravity:701; Edge:226; Brave:87; Chrome:83; ChatGPT:53; Codespaces:34; Drive:31; inventario:29; Browser:27; MCP:17; Google Drive:15; fuentes:15; AAV:11,<environment_context> <cwd>C:\Users\Dell\Documents\Codex\2026-06-05\goal-mejora-la-velocidad-de-mi</cwd> <shell>powershell</shell> <current_date>2026-06-05</current_date> <timezone>America/Denver</timezone> </environment_context>,continua,"No voy a depender de comandos de lectura porque el disco se queda colgado hasta con verificaciones pequeñas. Haré ediciones directas en `outputs`, que ya confirmaron ser más confiables.",,019e98a0-b7c0-7052-85e2-7ee2927cba73,,2026-06-05T16:37:03.643Z | 2026-06-05T16:38:48.443Z | 2026-06-05T16:38:49.870Z | ... | 2026-06-06T08:19:12.853Z | 2026-06-06T08:20:02.661Z | 2026-06-06T08:20:03.255Z
codex_sessions,rollout-2026-05-27T00-14-40-019e6812-25e8-7f20-8363-95f0a79c5306.jsonl,C:\Users\Dell\.codex\sessions\2026\05\27\rollout-2026-05-27T00-14-40-019e6812-25e8-7f20-8363-95f0a79c5306.jsonl,4872554,2026-06-05T21:12:29,1144,0,16,99,0,Codex:302; Antigravity:264; NEXUS:224; MCP:207; Drive:186; CCA:149; Claude:122; Google Drive:72; inventario:58; Gemini:52; Edge:36; Brave:34; duplicados:31; Chrome:31; ChatGPT:28,<environment_context> <cwd>C:\</cwd> <shell>powershell</shell> <current_date>2026-05-27</current_date> <timezone>America/Denver</timezone> </environment_context>,"mi pc siguee tanto muy lenta, averiguia a que se debe, y abre claude a ver si carga bien mientras estas abierto y mtambien abre el navegador a ver si si cargan los 3 sin problema o sin trabar","Esperaré un momento y vuelvo a probar respuesta mínima. Si esto no mejora, la conclusión técnica es que hace falta reinicio limpio; seguir apilando comandos podría empeorar la cola.",,019e6812-25e8-7f20-8363-95f0a79c5306,,2026-05-27T06:15:40.982Z | 2026-05-27T06:15:41.592Z | 2026-05-27T06:15:42.090Z | ... | 2026-06-06T03:08:19.587Z | 2026-06-06T03:08:20.321Z | 2026-06-06T03:12:29.931Z
claude_projects,agent-a51543796b6529339.jsonl,C:\Users\Dell\.claude\projects\C--Users-Dell--claude\db3bfc6b-45a1-48b0-be33-69107de83d76\subagents\agent-a51543796b6529339.jsonl,12960,2026-05-26T02:49:13,3,0,1,1,0,NEXUS:1; Drive:1; tesis:1; Google Docs:1,"Explora el estado actual del sistema en la máquina de Israel (Windows, C:\Users\Dell\) para preparar un plan de migración PC→Cloud. Necesito saber: 1. ¿Existe C:\Users\Dell\Desktop\NEXUS_CIERRE_FINAL_* ? (glob) 2. ¿Qué archivos hay en C:\Users\Dell\Documents\NEXUS_OPERACION_TOTAL\conv_reconstruidas\ ? (cuántos .txt) 3. ¿Existe C:\Users\Dell\Dropbox\ ? ¿Qué hay en el primer nivel? 4. ¿Existe C:\Users\Dell\OneDrive\ ? ¿Qué hay en el primer nivel? 5. ¿Qué hay en C:\Users\Dell\Documents\NEXUS_CIERRE_LAPTOP_20260525_20...","Explora el estado actual del sistema en la máquina de Israel (Windows, C:\Users\Dell\) para preparar un plan de migración PC→Cloud. Necesito saber: 1. ¿Existe C:\Users\Dell\Desktop\NEXUS_CIERRE_FINAL_* ? (glob) 2. ¿Qué archivos hay en C:\Users\Dell\Documents\NEXUS_OPERACION_TOTAL\conv_reconstruidas\ ? (cuántos .txt) 3. ¿Existe C:\Users\Dell\Dropbox\ ? ¿Qué hay en el primer nivel? 4. ¿Existe C:\Users\Dell\OneDrive\ ? ¿Qué hay en el primer nivel? 5. ¿Qué hay en C:\Users\Dell\Documents\NEXUS_CIERRE_LAPTOP_20260525_20...",Prompt is too long,,db3bfc6b-45a1-48b0-be33-69107de83d76,,2026-05-26T08:49:11.318Z | 2026-05-26T08:49:11.718Z | 2026-05-26T08:49:13.648Z | 2026-05-26T08:49:11.318Z | 2026-05-26T08:49:11.718Z | 2026-05-26T08:49:13.648Z
claude_projects,agent-a51543796b6529339.meta.json,C:\Users\Dell\.claude\projects\C--Users-Dell--claude\db3bfc6b-45a1-48b0-be33-69107de83d76\subagents\agent-a51543796b6529339.meta.json,145,2026-05-26T02:49:12,1,0,0,0,0,NEXUS:1,,,,,,,
codex_sessions,rollout-2026-05-24T05-45-07-019e59cd-9d31-77c3-b4e7-292ca28f2a35.jsonl,C:\Users\Dell\.codex\sessions\2026\05\24\rollout-2026-05-24T05-45-07-019e59cd-9d31-77c3-b4e7-292ca28f2a35.jsonl,35928561,2026-05-25T19:06:41,5020,0,47,331,0,Codex:2004; Drive:1659; NEXUS:1373; MCP:1289; Claude:1033; Google Drive:677; CCA:450; Gemini:444; tesis:326; Antigravity:307; ChatGPT:282; NotebookLM:256; inventario:245; AAV:207; gdoc:188,<environment_context> <cwd>G:\</cwd> <shell>powershell</shell> <current_date>2026-05-24</current_date> <timezone>America/Denver</timezone> </environment_context>,"cuales creen que si estarian de mas o parecerian coherentes y que si vienen al caso pero en realidad no nos aportarian ni podriamos usarlas para definir, identificar, hayar algo mas, confirmar, verificar, corroborar, relacionar, descubrir, indagar, delimitar, o cualquier otra funcion que se pueda derivar de el hacerse preguntas sobre algo o de lo relacionado a eso, parqa prescisamente si te vuelvo a pedir mas preguntas... que no sean sin sentido y mas bien nos sirvan de ayuda y guia para hayarlo de una manera mas ...","Sí. Hay preguntas que *suenan* pertinentes porque usan vocabulario del proyecto, pero en realidad no ayudan a decidir, verificar, recuperar, delimitar ni escribir mejor. Esas conviene filtrarlas. **Preguntas Que Sobran** 1. “¿Cómo hacemos que el proyecto sea más impresionante?” Suena útil, pero no define nada. Mejor: “¿Qué contribución original puede defenderse con evidencia y límites claros?” 2. “¿Cómo metemos todo?” Es peligrosa porque empuja a acumulación sin criterio. Mejor: “¿Qué entra al cuerpo, qué va a ane...",,019e59cd-9d31-77c3-b4e7-292ca28f2a35,,2026-05-24T11:45:26.864Z | 2026-05-24T11:45:26.865Z | 2026-05-24T11:45:29.308Z | ... | 2026-05-26T01:06:41.541Z | 2026-05-26T01:06:41.562Z | 2026-05-26T01:06:41.613Z
codex_sessions,rollout-2026-05-24T07-44-36-019e5a3b-00ad-7860-a647-297b0f0de486.jsonl,C:\Users\Dell\.codex\sessions\2026\05\24\rollout-2026-05-24T07-44-36-019e5a3b-00ad-7860-a647-297b0f0de486.jsonl,69017,2026-05-24T07:44:37,24,0,2,3,0,NEXUS:9; Google Docs:6; Codex:5; Google Drive:4; Drive:4; duplicados:3; MCP:1; Browser:1; Edge:1,<environment_context> <cwd>G:\</cwd> <shell>powershell</shell> <current_date>2026-05-24</current_date> <timezone>America/Denver</timezone> </environment_context>,"Subtarea de verificación en paralelo, solo lectura: revisa si la carpeta local G:\Mi unidad\NEXUS_EXTRACCIONES existe y si sería útil guardar ahí copias locales de los TXT importados, frente a solo tener Google Docs importados. No escribas archivos. Indica riesgos de sincronización y recomendación.","Verificación de solo lectura completada. No escribí archivos. La carpeta `G:\Mi unidad\NEXUS_EXTRACCIONES` sí existe. Está vacía ahora mismo: `0` archivos y `0` subcarpetas. Última modificación local: `2026-05-24 07:26:05 -06:00`. Recomendación: sí sería útil guardar ahí copias `.txt` de los textos importados, siempre que se traten como fuente cruda/inmutable y los Google Docs como versión de lectura/edición. Ventajas: permite reprocesar, comparar, auditar conversiones, recuperar texto si falla una importación y e...",,019e5a3b-00ad-7860-a647-297b0f0de486,,2026-05-24T13:44:37.175Z | 2026-05-24T13:44:37.180Z | 2026-05-24T13:44:41.580Z | ... | 2026-05-24T13:45:36.113Z | 2026-05-24T13:45:36.223Z | 2026-05-24T13:45:37.075Z
codex_sessions,rollout-2026-05-24T07-44-22-019e5a3a-c611-7e91-a625-8cda54e2ab3a.jsonl,C:\Users\Dell\.codex\sessions\2026\05\24\rollout-2026-05-24T07-44-22-019e5a3a-c611-7e91-a625-8cda54e2ab3a.jsonl,7600395,2026-05-24T07:44:23,75,0,2,5,0,Drive:49; Codex:41; MCP:36; NEXUS:30; Google Drive:26; Gemini:24; inventario:24; Claude:22; CCA:16; Claude Code:14; AAV:11; tesis:8; ChatGPT:7; NotebookLM:7; duplicados:6,<environment_context> <cwd>G:\</cwd> <shell>powershell</shell> <current_date>2026-05-24</current_date> <timezone>America/Denver</timezone> </environment_context>,"Subtarea rápida, solo lectura: revisa el estado actual de los documentos de Google Drive creados en esta sesión según esta lista de URLs/títulos, y propón qué índice maestro conviene crear o actualizar para que el usuario no se pierda: Bitácora, Claude Code inventario, Gemini inventario, Gemini extracciones raw. No modifiques Drive. Entrega una estructura de índice maestro de máximo 20 líneas.","No modifiqué Drive. Estado actual: la **Bitácora** ya funciona como log operativo; **Claude Code inventario** resume 13 JSONL locales y recomienda matriz antes que raw; **Gemini inventario** lista 322 conversaciones, 123 candidatas y 30 prioridad A; **Gemini extracciones raw** ya enlaza 3 transcripciones raw principales. Conviene crear un índice maestro nuevo, no usar la bitácora como índice. **Índice maestro sugerido: `NEXUS_INDICE_MAESTRO_EXTRACCIONES_IA_Y_MCP_20260524`** 1. Propósito: mapa navegable de todo lo ...",,019e5a3a-c611-7e91-a625-8cda54e2ab3a,,2026-05-24T13:44:23.629Z | 2026-05-24T13:44:23.632Z | 2026-05-24T13:44:27.840Z | ... | 2026-05-24T13:47:14.910Z | 2026-05-24T13:47:14.910Z | 2026-05-24T13:47:15.010Z
codex_sessions,rollout-2026-05-24T07-44-14-019e5a3a-a815-7600-bf25-a101dc8c0f95.jsonl,C:\Users\Dell\.codex\sessions\2026\05\24\rollout-2026-05-24T07-44-14-019e5a3a-a815-7600-bf25-a101dc8c0f95.jsonl,2758668,2026-05-24T07:44:14,65,0,2,4,0,Drive:37; Codex:31; Gemini:25; MCP:23; NEXUS:23; Google Drive:19; inventario:17; CCA:7; tesis:5; Google Docs:4; AAV:2; duplicados:2; Browser:1; Edge:1,<environment_context> <cwd>G:\</cwd> <shell>powershell</shell> <current_date>2026-05-24</current_date> <timezone>America/Denver</timezone> </environment_context>,"Subtarea rápida, solo lectura: usando la información existente, formula una lista de oportunidades de investigación y consolidación a partir de las extracciones Gemini ya guardadas: VAH revisión, Investigación VAH, Denuncia espionaje/rastreo, y el inventario de 322 conversaciones/123 candidatas. No navegues ni modifiques archivos. Entrega 8-12 oportunidades accionables con prioridad y qué documento de Drive debería alimentarlas.","Solo lectura confirmado: no navegué ni modifiqué archivos. A partir de las extracciones guardadas, estas son las oportunidades más accionables: | Prioridad | Oportunidad | Acción concreta | Documento de Drive que debería alimentarla | |---|---|---|---| | P0 | **Mapa de brecha científica VAH/subaudibles** | Convertir la conclusión “no hay estudios directos” en una matriz: evidencia directa, evidencia cercana, hueco, pregunta falsable. | `NEXUS_GEMINI_RAW_INVESTIGACION_VAH_SONIDOS_SUBAUDIBLES_20260524` | | P0 | **Mo...",,019e5a3a-a815-7600-bf25-a101dc8c0f95,,2026-05-24T13:44:14.931Z | 2026-05-24T13:44:14.932Z | 2026-05-24T13:44:19.225Z | ... | 2026-05-24T13:46:02.033Z | 2026-05-24T13:46:02.062Z | 2026-05-24T13:46:02.113Z
codex_sessions,rollout-2026-05-24T07-44-02-019e5a3a-7941-7af1-9c5e-5ff562fcfc88.jsonl,C:\Users\Dell\.codex\sessions\2026\05\24\rollout-2026-05-24T07-44-02-019e5a3a-7941-7af1-9c5e-5ff562fcfc88.jsonl,152968,2026-05-24T07:44:09,70,0,2,7,0,ChatGPT:24; NotebookLM:23; Drive:22; Chrome:21; Edge:19; Browser:18; Brave:17; Codex:12; Google Drive:12; Gemini:4; MCP:3; Google Docs:2; AAV:2,<environment_context> <cwd>G:\</cwd> <shell>powershell</shell> <current_date>2026-05-24</current_date> <timezone>America/Denver</timezone> </environment_context>,"Subtarea rápida, solo lectura y sin modificar archivos: revisa si en esta máquina hay indicios de datos/local storage exportables de ChatGPT y NotebookLM en Chrome/Edge/Brave o Google Drive local. Busca rutas típicas de perfiles de Chrome/Brave/Edge, caches o extensiones relevantes, pero no abras datos sensibles ni copies cookies/tokens. Entrega solo rutas candidatas, señales de sesión existente y el método seguro recomendado para extracción por UI/export oficial. Contexto: ya extrajimos Gemini a Google Drive; el ...","Revisión de solo lectura completada. No modifiqué archivos, no abrí `Cookies`, bases LevelDB/IndexedDB ni tokens. **Señales encontradas** ChatGPT: señal fuerte en los tres navegadores, por directorios de origen `https_chatgpt.com_0`: | Navegador | Perfil | Ruta candidata | |---|---|---| | Chrome | `Profile 2` | `C:\Users\Dell\AppData\Local\Google\Chrome\User Data\Profile 2\IndexedDB\https_chatgpt.com_0.indexeddb.leveldb` | | Chrome | `Profile 2` | `C:\Users\Dell\AppData\Local\Google\Chrome\User Data\Profile 2\Inde...",,019e5a3a-7941-7af1-9c5e-5ff562fcfc88,,2026-05-24T13:44:09.580Z | 2026-05-24T13:44:09.807Z | 2026-05-24T13:44:14.448Z | ... | 2026-05-24T13:49:48.702Z | 2026-05-24T13:49:48.719Z | 2026-05-24T13:49:48.790Z
codex_sessions,rollout-2026-05-24T06-21-22-019e59ee-cbc8-7763-8c4e-416542d3b4fe.jsonl,C:\Users\Dell\.codex\sessions\2026\05\24\rollout-2026-05-24T06-21-22-019e59ee-cbc8-7763-8c4e-416542d3b4fe.jsonl,75825,2026-05-24T06:23:41,43,0,2,2,0,Codex:13; Claude:9; Antigravity:9; MCP:7; Drive:4; Browser:4; Google Drive:3; Chrome:3; Claude Code:2; Google Docs:1; Edge:1; CCA:1,<environment_context> <cwd>G:\</cwd> <shell>powershell</shell> <current_date>2026-05-24</current_date> <timezone>America/Denver</timezone> </environment_context>,"Subtarea independiente, sin modificar archivos: inspecciona las configuraciones locales oficiales/disponibles de MCP/extensiones/plugins para Claude Desktop, Claude Code, Codex y Antigravity en esta máquina Windows. Rutas clave: C:\Users\Dell\AppData\Roaming\Claude, C:\Users\Dell\.claude, C:\Users\Dell\.codex\config.toml, C:\Users\Dell\AppData\Roaming\Antigravity, C:\Users\Dell\.antigravity. Busca también el marketplace oficial local de Claude en C:\Users\Dell\.claude\plugins\marketplaces\claude-plugins-official. ...","La primera pasada se quedó colgada en los listados de PowerShell, probablemente por inicialización/perfil o una carpeta lenta. Voy a repetir con comandos más simples y sin perfil, manteniendo la lectura acotada.",,019e59ee-cbc8-7763-8c4e-416542d3b4fe,,2026-05-24T12:21:29.211Z | 2026-05-24T12:21:29.211Z | 2026-05-24T12:21:40.345Z | ... | 2026-05-24T12:23:36.906Z | 2026-05-24T12:23:41.314Z | 2026-05-24T12:23:41.315Z
codex_sessions,rollout-2026-05-24T06-21-39-019e59ef-0f21-7040-9280-ba934659908f.jsonl,C:\Users\Dell\.codex\sessions\2026\05\24\rollout-2026-05-24T06-21-39-019e59ef-0f21-7040-9280-ba934659908f.jsonl,79379,2026-05-24T06:23:38,30,0,2,2,0,Claude:13; Codex:4; Drive:4; Google Drive:3; NEXUS:2; CCA:2; Claude Code:2; inventario:2; Google Docs:1; MCP:1; Browser:1; Edge:1; MD5:1; Chrome:1; Antigravity:1,<environment_context> <cwd>G:\</cwd> <shell>powershell</shell> <current_date>2026-05-24</current_date> <timezone>America/Denver</timezone> </environment_context>,"Subtarea independiente, sin modificar archivos ni cerrar procesos: investiga cómo extraer de forma segura los chats locales de Claude Desktop en esta máquina. Rutas clave: C:\Users\Dell\AppData\Roaming\Claude\IndexedDB, Local Storage, Session Storage, claude-code-sessions, logs; C:\Users\Dell\.claude\projects. Contexto conocido: dos blobs IndexedDB de claude.ai tienen muchas coincidencias NEXUS/CCA (1\39\3999 y 1\18\187c), Local Storage LevelDB tiene matches, Claude Desktop está en ejecución y algunos LOCK están b...","La primera pasada se quedó larga por recursividad en directorios grandes, así que voy a acotar: inventario por nivel, extensiones, tamaños y nombres de almacenes, no contenido. Eso debería bastar para distinguir “copiar con VSS/handle cerrado” de “parsear directamente”.",,019e59ef-0f21-7040-9280-ba934659908f,,2026-05-24T12:21:40.807Z | 2026-05-24T12:21:40.808Z | 2026-05-24T12:21:43.339Z | ... | 2026-05-24T12:23:26.763Z | 2026-05-24T12:23:26.766Z | 2026-05-24T12:23:38.807Z
codex_sessions,rollout-2026-05-24T03-43-20-019e595e-1c41-7041-a95f-efd87d4ce49a.jsonl,C:\Users\Dell\.codex\sessions\2026\05\24\rollout-2026-05-24T03-43-20-019e595e-1c41-7041-a95f-efd87d4ce49a.jsonl,56758,2026-05-24T03:55:14,22,0,3,2,0,Codex:12; Claude:5; Browser:2; MCP:1; Edge:1,<environment_context> <cwd>C:\Users\Dell\.claude</cwd> <shell>powershell</shell> <current_date>2026-05-24</current_date> <timezone>America/Denver</timezone> </environment_context>,"Hola, confirma que estas funcionando correctamente respondiendo: CODEX OK Di: CODEX OK - funcionando correctamente Di: CODEX OK - funcionando correctamenteDi: CODEX OK - funcionando correctamente hola Hola, responde CODEX OK para confirmar funcionamiento",CODEX OK - funcionando correctamente,,019e595e-1c41-7041-a95f-efd87d4ce49a,,2026-05-24T09:51:39.900Z | 2026-05-24T09:51:41.050Z | 2026-05-24T09:51:41.388Z | ... | 2026-05-24T09:55:14.768Z | 2026-05-24T09:55:14.842Z | 2026-05-24T09:55:14.852Z
claude_desktop_code_sessions,local_0b7293bd-2567-434e-8347-1edbc4fc5c2e.json,C:\Users\Dell\AppData\Roaming\Claude\claude-code-sessions\7d8c6052-d8bf-44fa-81a7-751db83a48c5\fa12e3a5-254b-48d3-8afe-64eda453c00f\local_0b7293bd-2567-434e-8347-1edbc4fc5c2e.json,527,2026-05-23T21:17:15,1,0,0,0,0,Claude:1; Drive:1; Chrome:1,,,,Upload manuscripts to Drive when G:\ reconnects,local_0b7293bd-2567-434e-8347-1edbc4fc5c2e,908ae55c-4748-4f70-b0b2-4dca77cbbf3b,
codex_sessions,rollout-2026-05-21T19-17-44-019e4d42-807b-7ef3-8368-3a3045bc85fd.jsonl,C:\Users\Dell\.codex\sessions\2026\05\21\rollout-2026-05-21T19-17-44-019e4d42-807b-7ef3-8368-3a3045bc85fd.jsonl,425910,2026-05-21T20:57:09,322,0,9,41,0,Drive:81; Codex:52; Google Drive:40; NEXUS:8; CCA:7; MCP:6; inventario:6; Antigravity:6; Browser:4; Claude:4; tesis:4; AAV:3; Gemini:2; Google Docs:1; PubMed:1,<environment_context> <cwd>G:\</cwd> <shell>powershell</shell> <current_date>2026-05-21</current_date> <timezone>America/Denver</timezone> </environment_context>,ok borra todo de la usb,"Intenté borrarla otra vez, pero no hay USB accesible para vaciar. Windows ve la USB como: ```text Disco 1: Generic USB Flash Disk Estado: No Media Tamaño: 0 Letra: E: ``` Eso significa que el equipo detecta el dispositivo/lector, pero no detecta memoria montada dentro. Por seguridad no borré `G:` porque es Google Drive, ni `A:` porque es red, ni `C:` porque es interno. Para poder borrarla tiene que aparecer con tamaño real, por ejemplo `E: 16 GB` o `E: 32 GB`. Ahora mismo no existe contenido accesible que PowerShe...",,019e4d42-807b-7ef3-8368-3a3045bc85fd,,2026-05-22T01:22:09.607Z | 2026-05-22T01:22:09.649Z | 2026-05-22T01:22:16.370Z | ... | 2026-05-22T02:57:09.767Z | 2026-05-22T02:57:09.767Z | 2026-05-22T02:57:09.806Z
codex_sessions,rollout-2026-05-19T20-24-14-019e4332-ab49-7c80-8973-53eaad2009c3.jsonl,C:\Users\Dell\.codex\sessions\2026\05\19\rollout-2026-05-19T20-24-14-019e4332-ab49-7c80-8973-53eaad2009c3.jsonl,1637656,2026-05-21T08:14:43,1260,0,15,90,0,Codex:397; Claude:386; MCP:361; Drive:144; Antigravity:86; Chrome:68; Claude Code:53; NEXUS:48; Edge:35; Brave:26; Browser:20; Google Drive:19; inventario:18; CCA:14; ChatGPT:12,<environment_context> <cwd>G:\</cwd> <shell>powershell</shell> <current_date>2026-05-19</current_date> <timezone>America/Denver</timezone> </environment_context>,mas rapida y fluida aun,"Listo. Hice otra pasada sin cerrar tus apps: - Subí el plan de energía a **Máximo rendimiento**. - Desactivé transparencias y animaciones de Windows para que la interfaz se sienta más directa. - Bajé a prioridad **Idle** Google Drive, Dropbox, OneDrive e indexadores. - Dejé Codex/Claude/navegadores visibles con prioridad más alta. - Liberé memoria de procesos abiertos sin cerrarlos. - Limpié otros **25.8 MB** de temporales seguros. Resultado: la RAM libre subió aprox. de **2.4 GB** a **3.5 GB**. Eso debería sentir...",,019e4332-ab49-7c80-8973-53eaad2009c3,,2026-05-20T02:25:33.651Z | 2026-05-20T02:25:34.135Z | 2026-05-20T02:25:34.135Z | ... | 2026-05-21T14:14:43.254Z | 2026-05-21T14:14:43.330Z | 2026-05-21T14:14:43.343Z
codex_sessions,rollout-2026-05-17T22-24-07-019e3953-b390-7342-a671-55fca4ea7007.jsonl,C:\Users\Dell\.codex\sessions\2026\05\17\rollout-2026-05-17T22-24-07-019e3953-b390-7342-a671-55fca4ea7007.jsonl,10797335,2026-05-19T05:39:49,1987,0,18,179,0,Codex:766; Drive:516; Claude:503; NEXUS:388; MCP:261; Brave:233; Google Drive:221; Edge:195; tesis:179; Chrome:104; CCA:94; AAV:78; Browser:77; Google Docs:47; Antigravity:36,<environment_context> <cwd>G:\</cwd> <shell>powershell</shell> <current_date>2026-05-17</current_date> <timezone>America/Denver</timezone> </environment_context>,"quiero dropbox, onedrive, google drive, siempre disponibles, lo demas haz lo mejor y todo lo que puedas inmediatamente en una sola respuesta","Hecho. Apliqué el enfoque nuevo: **nube siempre disponible, y todo lo demás optimizado alrededor**. **Cambios aplicados** - Arranqué y dejé con autoarranque: - Google Drive for Desktop - Dropbox - OneDrive - Les bajé prioridad a `BelowNormal` para que sigan disponibles sin robar tanta fluidez. - Dejé `WebView2` activo porque ahora pertenece a Google Drive, no a Edge. También lo puse en `BelowNormal`. - Desactivé/neutralicé scripts ocultos que sí podían entorpecer: - `CloudTurboMode` - `AntigravityPrewarm` - `Claud...",,019e3953-b390-7342-a671-55fca4ea7007,,2026-05-18T04:25:38.674Z | 2026-05-18T04:25:41.007Z | 2026-05-18T04:25:41.248Z | ... | 2026-05-19T11:39:49.027Z | 2026-05-19T11:39:49.064Z | 2026-05-19T11:39:49.077Z
claude_projects,agent-a03ec3a185fed317b.jsonl,C:\Users\Dell\.claude\projects\C--Users-Dell--claude\e9a51961-7a88-4db9-8ff8-b8c57efc5b42\subagents\agent-a03ec3a185fed317b.jsonl,11853,2026-05-18T23:02:11,3,0,1,1,0,Claude:2; Claude Code:1; Gemini:1; Codex:1; Antigravity:1; MCP:1; Google Docs:1,"Audit the current MCP (Model Context Protocol) server configurations across three IDE/tools on this Windows system. I need a complete inventory to know what each tool has configured and what's missing. **Check these config files:** 1. **Claude Code CLI** (`~/.claude/settings.json` → `C:\Users\Dell\.claude\settings.json`) — the `mcpServers` section 2. **Antigravity IDE** — check `C:\Users\Dell\AppData\Roaming\Antigravity\User\settings.json` for any mcp-related keys, AND check for a separate `.claude` or mcp config ...","Audit the current MCP (Model Context Protocol) server configurations across three IDE/tools on this Windows system. I need a complete inventory to know what each tool has configured and what's missing. **Check these config files:** 1. **Claude Code CLI** (`~/.claude/settings.json` → `C:\Users\Dell\.claude\settings.json`) — the `mcpServers` section 2. **Antigravity IDE** — check `C:\Users\Dell\AppData\Roaming\Antigravity\User\settings.json` for any mcp-related keys, AND check for a separate `.claude` or mcp config ...",Prompt is too long,,e9a51961-7a88-4db9-8ff8-b8c57efc5b42,,2026-05-19T05:02:08.539Z | 2026-05-19T05:02:09.684Z | 2026-05-19T05:02:11.369Z | 2026-05-19T05:02:08.539Z | 2026-05-19T05:02:09.684Z | 2026-05-19T05:02:11.369Z
claude_projects,agent-a03ec3a185fed317b.meta.json,C:\Users\Dell\.claude\projects\C--Users-Dell--claude\e9a51961-7a88-4db9-8ff8-b8c57efc5b42\subagents\agent-a03ec3a185fed317b.meta.json,103,2026-05-18T23:02:10,1,0,0,0,0,Claude:1; Codex:1; Antigravity:1; MCP:1,,,,,,,
claude_projects,agent-a9f588d9be5dd83b1.jsonl,C:\Users\Dell\.claude\projects\C--Users-Dell--claude\e9a51961-7a88-4db9-8ff8-b8c57efc5b42\subagents\agent-a9f588d9be5dd83b1.jsonl,485814,2026-05-16T19:47:58,184,0,76,106,0,Claude:107; MCP:50; ChatGPT:45; Drive:45; Google Drive:23; NEXUS:18; Gemini:14; gdoc:14; Claude Code:6; Chrome:4; Browser:4; Google Docs:3; tesis:3; CCA:2; inventario:2,"You are working on the NEXUS/CCA doctoral thesis project for Israel Realivazquez. Your job is to create Google Docs (GDocs) from locally-decoded text files and from raw .txt files stored in Google Drive. You have the `mcp__d3f7429a-9c13-4670-85f8-0da92aabfefe__create_file`, `mcp__d3f7429a-9c13-4670-85f8-0da92aabfefe__search_files`, and `mcp__d3f7429a-9c13-4670-85f8-0da92aabfefe__download_file_content` tools available. ## DESTINATION FOLDER All new GDocs go into folder ID: `1orneL8NUMF3mMo4HFCRDjR1iVP21cL-V` (named...",<persisted-output> Output too large (40KB). Full output saved to: C:\Users\Dell\.claude\projects\C--Users-Dell--claude\e9a51961-7a88-4db9-8ff8-b8c57efc5b42\tool-results\b1vpbaf52.txt Preview (first 2KB): FullName Length -------- ------ C:\Users\Dell\.claude\backups C:\Users\Dell\.claude\dropbox-mcp C:\Users\Dell\.claude\projects C:\Users\Dell\.claude\session-env C:\Users\Dell\.claude\sessions C:\Users\Dell\.claude\shell-snapshots C:\Users\Dell\.claude\telemetry C:\Users\Dell\.claude\settings.json 766 C:\Users\Dell...,You've hit your limit · resets 10:20pm (America/Denver),,e9a51961-7a88-4db9-8ff8-b8c57efc5b42,,2026-05-17T01:17:24.424Z | 2026-05-17T01:17:25.624Z | 2026-05-17T01:17:25.881Z | ... | 2026-05-17T01:47:50.506Z | 2026-05-17T01:47:53.591Z | 2026-05-17T01:47:57.343Z
claude_projects,agent-a9f588d9be5dd83b1.meta.json,C:\Users\Dell\.claude\projects\C--Users-Dell--claude\e9a51961-7a88-4db9-8ff8-b8c57efc5b42\subagents\agent-a9f588d9be5dd83b1.meta.json,102,2026-05-16T19:17:25,1,0,0,0,0,Google Drive:1; gdoc:1; Drive:1,,,,,,,
codex_sessions,rollout-2026-05-08T23-19-35-019e0b2d-3e3f-7bb2-9170-4fb6feb49b30.jsonl,C:\Users\Dell\.codex\sessions\2026\05\08\rollout-2026-05-08T23-19-35-019e0b2d-3e3f-7bb2-9170-4fb6feb49b30.jsonl,2101377,2026-05-15T15:17:36,1400,0,14,100,0,Codex:364; Claude:272; Brave:162; Edge:137; Drive:111; Browser:109; Chrome:88; Antigravity:69; MCP:42; Google Drive:27; AAV:19; CCA:19; NEXUS:19; gdoc:17; Google Docs:16,<environment_context> <cwd>G:\</cwd> <shell>powershell</shell> <current_date>2026-05-08</current_date> <timezone>America/Denver</timezone> </environment_context>,"ADDENDUM FINAL — MÍNIMO GASTO DE CRÉDITOS, MÁXIMA COMPLETITUD, UNA SOLA ENTREGA Ejecuta todo este trabajo usando la menor cantidad razonable de créditos/tokens/llamadas posible, pero sin sacrificar completitud, trazabilidad ni calidad. REGLA PRINCIPAL DE EFICIENCIA No hagas lectura bruta repetida si ya existe un índice, matriz, manifest, handoff, reporte de barrido o checklist confiable. Primero usa: - índices; - manifests; - reportes de estado; - checklists; - matrices previas; - metadatos; - nombres de archivo; ...","**A. Estado Ejecutivo** CIERRE PARCIAL CONTROLADO. Ejecuté el cierre por inventario diferencial, usando rutas, metadatos, conteos y artefactos existentes. No re-barrí corpus completos ni reconvertí documentos ya existentes. Paquete final creado en: [ADDENDUM_FINAL_20260515](C:/Users/Dell/CloudOffloadBoost/ADDENDUM_FINAL_20260515) Reporte principal: [reporte_final_addendum_eficiencia.md](C:/Users/Dell/CloudOffloadBoost/ADDENDUM_FINAL_20260515/reporte_final_addendum_eficiencia.md) **B. Porcentajes Reales** | Categor...",,019e0b2d-3e3f-7bb2-9170-4fb6feb49b30,,2026-05-09T05:21:44.129Z | 2026-05-09T05:21:52.461Z | 2026-05-09T05:21:52.980Z | ... | 2026-05-15T21:17:35.970Z | 2026-05-15T21:17:36.067Z | 2026-05-15T21:17:36.353Z
claude_desktop_local_agent,plugin.json,C:\Users\Dell\AppData\Roaming\Claude\local-agent-mode-sessions\skills-plugin\fa12e3a5-254b-48d3-8afe-64eda453c00f\7d8c6052-d8bf-44fa-81a7-751db83a48c5\.claude-plugin\plugin.json,118,2026-05-15T14:36:39,5,5,0,0,0,,,,,,,,
claude_projects,agent-ae9e94c5eab72cd1a.jsonl,C:\Users\Dell\.claude\projects\C--Users-Dell--claude\5b8ccf04-4885-4f04-8e52-d3650fe95ed0\subagents\agent-ae9e94c5eab72cd1a.jsonl,634116,2026-05-10T14:30:31,55,0,21,32,0,Claude:27; MCP:11; AAV:8; tesis:7; ChatGPT:6; Google Drive:6; Drive:6; fuentes:6; CCA:3; NEXUS:2; Google Docs:2; Edge:1,"Tu misión es subir 20 archivos de texto al Google Drive usando el MCP de Drive (`mcp__d3f7429a-9c13-4670-85f8-0da92aabfefe__create_file`). Los archivos están en C:\Temp\ como: - claude500k_part01.txt a claude500k_part09.txt (9 archivos) - chatgpt500k_part01.txt a chatgpt500k_part11.txt (11 archivos) Para cada archivo: 1. Lee el archivo con la herramienta Read 2. Crea un Google Doc con create_file usando: - Para claude: title = ""NEXUS_BACKUP_CLAUDE_JSON_CONVERSACIONES_PARTE_XX"" (XX = 01, 02, etc.) - Para chatgpt: t...",This session is being continued from a previous conversation that ran out of context. The summary below covers the earlier portion of the conversation. Summary: 1. Primary Request and Intent: The user requested uploading 20 large text files from `C:\Temp\` to Google Drive as Google Docs using the MCP tool `mcp__d3f7429a-9c13-4670-85f8-0da92aabfefe__create_file`. The files are doctoral research backups (NEXUS CCA-AAV project). Specific requirements: - **9 Claude files**: `claude500k_part01.txt` through `claude500k_...,You've hit your limit · resets 4:10pm (America/Denver),,5b8ccf04-4885-4f04-8e52-d3650fe95ed0,,2026-05-10T20:13:36.292Z | 2026-05-10T20:13:36.447Z | 2026-05-10T20:13:39.099Z | ... | 2026-05-10T20:30:29.611Z | 2026-05-10T20:30:29.612Z | 2026-05-10T20:30:31.770Z
claude_projects,agent-ae9e94c5eab72cd1a.meta.json,C:\Users\Dell\.claude\projects\C--Users-Dell--claude\5b8ccf04-4885-4f04-8e52-d3650fe95ed0\subagents\agent-ae9e94c5eab72cd1a.meta.json,95,2026-05-10T14:13:36,1,0,0,0,0,Google Drive:1; Drive:1,,,,,,,
claude_projects,agent-a49e86745b488776a.jsonl,C:\Users\Dell\.claude\projects\C--Users-Dell--claude\5b8ccf04-4885-4f04-8e52-d3650fe95ed0\subagents\agent-a49e86745b488776a.jsonl,504199,2026-05-10T13:41:14,163,0,68,94,0,Claude:91; Drive:55; MCP:34; Google Drive:26; NEXUS:9; Antigravity:7; ChatGPT:6; AAV:3; Claude Code:3; CCA:2; Google Docs:2; tesis:2; fuentes:2; Browser:2; Codex:1,Upload 20 split files to Google Drive as native Google Docs. Use the mcp__d3f7429a-9c13-4670-85f8-0da92aabfefe__create_file tool for each one. Files to upload: - C:\Temp\claude500k_part01.txt through claude500k_part09.txt → title format: NEXUS_BACKUP_CLAUDE_JSON_CONVERSACIONES_PARTE01 (through PARTE09) - C:\Temp\chatgpt500k_part01.txt through chatgpt500k_part11.txt → title format: NEXUS_BACKUP_CHATGPT_JSON_CONVERSACIONES_PARTE01 (through PARTE11) For each file: 1. Read its content using the Read tool (file_path is...,C:/Program Files/Google/Drive File Stream\account_export_tool.exe C:/Program Files/Google/Drive File Stream\diagnostic_tool.exe C:/Program Files/Google/Drive File Stream\124.0.3.0\crashpad_handler.exe C:/Program Files/Google/Drive File Stream\124.0.3.0\dokancc31931.dll C:/Program Files/Google/Drive File Stream\124.0.3.0\drivefsext.dll C:/Program Files/Google/Drive File Stream\124.0.3.0\GoogleDriveFS.exe C:/Program Files/Google/Drive File Stream\124.0.3.0\switchblade_host.exe C:/Program Files/Google/Drive File Stre...,"The client ID is `947318989803-6bn6qk8qdgf4n4g3pfee6491hc0brc4i.apps.googleusercontent.com`. This is the Google Drive for Desktop client. I need the client_secret. DriveFS embeds it in its binary — let me check if it's stored anywhere accessible, or if I can use a different approach: The standard Google OAuth flow requires a `client_secret` to refresh tokens. For installed applications like DriveFS, Google uses a special ""out-of-band"" flow. DriveFS embeds its client secret in its binary. However, there's another w...",,5b8ccf04-4885-4f04-8e52-d3650fe95ed0,,2026-05-10T19:08:24.644Z | 2026-05-10T19:08:26.258Z | 2026-05-10T19:08:29.571Z | ... | 2026-05-10T19:40:22.311Z | 2026-05-10T19:41:07.327Z | 2026-05-10T19:41:14.565Z
claude_projects,agent-a49e86745b488776a.meta.json,C:\Users\Dell\.claude\projects\C--Users-Dell--claude\5b8ccf04-4885-4f04-8e52-d3650fe95ed0\subagents\agent-a49e86745b488776a.meta.json,90,2026-05-10T13:08:26,1,0,0,0,0,Google Drive:1; Drive:1,,,,,,,
claude_projects,a3a78a8f-2a13-433b-b536-b14bb5dc7ced.jsonl,C:\Users\Dell\.claude\projects\G--\a3a78a8f-2a13-433b-b536-b14bb5dc7ced.jsonl,1677497,2026-05-09T23:35:47,611,0,167,266,20,Claude:382; MCP:152; NEXUS:129; Drive:110; tesis:105; ChatGPT:65; Google Drive:65; CCA:54; Gemini:38; NotebookLM:30; Google Docs:29; inventario:26; Browser:26; AAV:25; Claude Code:22,"quiero que de esto: ""Redacción de la investigación/ Continuación de análisis de contenido en Google Drive Dijiste: continua e trabajo del chat ""Análisis y procesamiento completo de contenido en Google Drive"" del proyecto , comprende que es lo que hay que hacer en base a os … continua e trabajo del chat ""Análisis y procesamiento completo de contenido en Google Drive"" del proyecto , comprende que es lo que hay que hacer en base a os chats del proyecto y sigueo, tenemos que completar la lectura y procesamiento de lo ...",<retrieval_status>success</retrieval_status> <task_id>bcstzxb7d</task_id> <task_type>local_bash</task_type> <status>completed</status> <exit_code>0</exit_code> <output> Claude mapping: 727 bloques → 4407175 bytes </output>,Todo completado. Resumen final de lo que se ejecutó en esta sesión: --- ## ✅ ESTADO FINAL — CORPUS_EXTRAIDO_MAYO_2026 | Doc en Drive | Fuente | Tamaño extraído | ID | |---|---|---|---| | CLAUDE_CHUNKS_INVESTIGACION_EXTRAIDO | 172 chunks truncados | 37 KB (limitado) | `1gioq5tdJAU...` | | SINTESIS_NEXUS_…_PARTE_01..05 | 184 partes SINTESIS | **21.7 MB** | 5 docs | | CHATGPT_CONVERSACIONES_INVESTIGACION_EXTRAIDO | conversations.json 91.5MB | **5.14 MB / 806 bloques** | `1fgx37kQh2H...` | | CLAUDE_CONVERSACIONES_JSON...,Reconstruct complete research corpus and pattern analysis,a3a78a8f-2a13-433b-b536-b14bb5dc7ced,,2026-05-08T08:11:22.403Z | 2026-05-08T08:11:38.033Z | 2026-05-08T08:11:48.469Z | ... | 2026-05-10T05:35:23.899Z | 2026-05-10T05:35:34.511Z | 2026-05-10T05:35:46.346Z
codex_sessions,rollout-2026-05-07T20-37-05-019e0572-1d3a-77e1-83af-518674517d74.jsonl,C:\Users\Dell\.codex\sessions\2026\05\07\rollout-2026-05-07T20-37-05-019e0572-1d3a-77e1-83af-518674517d74.jsonl,2150243,2026-05-08T07:19:06,1394,0,20,125,0,Codex:657; Antigravity:474; Browser:162; MCP:160; Brave:154; Claude:149; Edge:125; Chrome:112; Drive:99; Codespaces:60; ChatGPT:27; Google Drive:17; fuentes:13; AAV:12; Gemini:10,<environment_context> <cwd>C:\Users\Dell\Documents\Codex\2026-05-07\oye-puedes-ayudarme-a-revisar-los</cwd> <shell>powershell</shell> <current_date>2026-05-07</current_date> <timezone>America/Denver</timezone> </environment_context>,"arregla y deja bien funcionando de forma bien restaurada a antigravity y que sus chats conversations funcionen bien y velozmente, puedes hacer todo lo que puedas al respecto? seguro que no moviste nada de claude o relacionado porque ya no me cargo bien y ya no se ve nada en claude, puedes revisar?","No, no era “lo mejor posible” todavía. Sí había implementado bastante, pero faltaba una ronda más agresiva contra lo que **realmente** seguía trabando la PC. Encontré estos culpables actuales: - Brave seguía creciendo fuerte. - Google Drive + Edge WebView2 estaban usando varios cientos de MB. - Antigravity seguía abriéndose aunque está delicado. - Node con `@playwright/mcp` quedaba vivo y consumía RAM. - Sin tokens/logins, el offloading cloud real todavía no puede ejecutarse en proveedores. Acabo de hacer más: - C...",,019e0572-1d3a-77e1-83af-518674517d74,,2026-05-08T02:37:40.276Z | 2026-05-08T02:37:40.818Z | 2026-05-08T02:37:40.835Z | ... | 2026-05-08T13:19:05.015Z | 2026-05-08T13:19:06.255Z | 2026-05-08T13:19:06.261Z
claude_projects,agent-a2f30d248282a5abb.jsonl,C:\Users\Dell\.claude\projects\G--\a3a78a8f-2a13-433b-b536-b14bb5dc7ced\subagents\agent-a2f30d248282a5abb.jsonl,3065,2026-05-08T02:28:50,2,0,1,1,0,NEXUS:1; CCA:1; ChatGPT:1; Claude:1; Antigravity:1,"Necesito hacer un análisis cronológico y de patrones del corpus de investigación del usuario Israel en G:\Mi unidad\CLAUDE_NEXUS_FEED\ Los archivos clave son: - NEXUS_OMNI_INJECTION_PART_1.txt (primera parte, ya leída parcialmente - contiene índice de 420 chats ChatGPT y contenido del primer chat sobre psicosis desde 2025-11-30) - NEXUS_OMNI_INJECTION_PART_2.txt, 3.txt... etc. (hasta PART_166 son las partes del primer batch, luego hay partes 15 en adelante de otra serie) - NEXUS_CLAUDE_DOC_PARTE_01.txt a 15.txt (A...","Necesito hacer un análisis cronológico y de patrones del corpus de investigación del usuario Israel en G:\Mi unidad\CLAUDE_NEXUS_FEED\ Los archivos clave son: - NEXUS_OMNI_INJECTION_PART_1.txt (primera parte, ya leída parcialmente - contiene índice de 420 chats ChatGPT y contenido del primer chat sobre psicosis desde 2025-11-30) - NEXUS_OMNI_INJECTION_PART_2.txt, 3.txt... etc. (hasta PART_166 son las partes del primer batch, luego hay partes 15 en adelante de otra serie) - NEXUS_CLAUDE_DOC_PARTE_01.txt a 15.txt (A...",You've hit your limit · resets 6:40am (America/Denver),,a3a78a8f-2a13-433b-b536-b14bb5dc7ced,,2026-05-08T08:28:45.279Z | 2026-05-08T08:28:50.406Z | 2026-05-08T08:28:45.279Z | 2026-05-08T08:28:50.406Z
claude_projects,agent-a2f30d248282a5abb.meta.json,C:\Users\Dell\.claude\projects\G--\a3a78a8f-2a13-433b-b536-b14bb5dc7ced\subagents\agent-a2f30d248282a5abb.meta.json,91,2026-05-08T02:28:47,1,0,0,0,0,NEXUS:1,,,,,,,
codex_sessions,rollout-2026-05-07T23-01-09-019e05f6-0272-7672-b758-830151dd9377.jsonl,C:\Users\Dell\.codex\sessions\2026\05\07\rollout-2026-05-07T23-01-09-019e05f6-0272-7672-b758-830151dd9377.jsonl,50057,2026-05-07T23:03:05,9,0,2,0,0,Codex:6; Browser:3; Antigravity:2; Codespaces:2; MCP:1; Edge:1,<environment_context> <cwd>C:\Users\Dell\Documents\Codex\2026-05-07\oye-puedes-ayudarme-a-revisar-los</cwd> <shell>powershell</shell> <current_date>2026-05-07</current_date> <timezone>America/Denver</timezone> </environment_context>,"Investiga de forma breve y práctica opciones actuales para aligerar una PC Windows con 8GB RAM moviendo trabajo pesado a la nube para desarrollo/agentes/navegador: GitHub Codespaces/Actions, Google IDX/Cloud Workstations/Cloud Run, Neon, Cloudflare Workers, Vercel/Netlify/Render, StackBlitz/Gitpod/Replit, y cualquier opción relevante. Enfócate en qué se puede implementar sin romper configuración local, qué requiere login/credenciales, y qué tiene sentido para Antigravity/Codex/browsers. Devuélveme una lista priori...",,,019e05f6-0272-7672-b758-830151dd9377,,2026-05-08T05:02:32.499Z | 2026-05-08T05:02:32.855Z | 2026-05-08T05:02:32.855Z | ... | 2026-05-08T05:02:33.031Z | 2026-05-08T05:03:05.259Z | 2026-05-08T05:03:05.467Z
codex_sessions,rollout-2026-05-07T22-12-12-019e05c9-33b4-7293-8eba-c34f851c0bac.jsonl,C:\Users\Dell\.codex\sessions\2026\05\07\rollout-2026-05-07T22-12-12-019e05c9-33b4-7293-8eba-c34f851c0bac.jsonl,84368,2026-05-07T22:14:06,36,0,2,2,0,Codespaces:9; fuentes:7; Codex:6; Antigravity:5; Edge:4; Gemini:3; Browser:2; MCP:1,<environment_context> <cwd>C:\Users\Dell\Documents\Codex\2026-05-07\oye-puedes-ayudarme-a-revisar-los</cwd> <shell>powershell</shell> <current_date>2026-05-07</current_date> <timezone>America/Denver</timezone> </environment_context>,"Investiga opciones actuales (mayo 2026) para descargar trabajo de desarrollo/IA/navegación desde una PC Windows hacia la nube, priorizando herramientas reales y prácticas: GitHub Codespaces/Actions/Copilot coding agent, Google Cloud Shell/Cloud Workstations/Firebase Studio/Antigravity-related Google tooling, Neon serverless Postgres/branching, Cloudflare Workers, Vercel, Netlify, Render, Supabase. Devuelve una tabla compacta con: opción, qué descarga (CPU/RAM/red/build/db), prerequisitos, costo probable/free tier,...","No hice cambios locales. Con fuentes oficiales revisadas para mayo de 2026, mi lectura práctica es: para descargar peso desde una PC Windows, conviene separar **dev remoto**, **CI/build**, **DB remota**, **edge/serverless** y **agentes IA asíncronos**. | Opción | Qué descarga | Prerequisitos | Costo probable/free tier | Riesgo | Implementable sin credenciales | Recomendación para este usuario | |---|---:|---|---|---|---|---| | **GitHub Codespaces** | CPU/RAM/red/dev env | Repo GitHub; devcontainer opcional | Perso...",,019e05c9-33b4-7293-8eba-c34f851c0bac,,2026-05-08T04:12:57.726Z | 2026-05-08T04:12:59.478Z | 2026-05-08T04:12:59.478Z | ... | 2026-05-08T04:14:06.058Z | 2026-05-08T04:14:06.173Z | 2026-05-08T04:14:06.405Z
codex_sessions,rollout-2026-05-05T13-27-31-019df99c-1eaa-7b50-87e9-f6bfd010c481.jsonl,C:\Users\Dell\.codex\sessions\2026\05\05\rollout-2026-05-05T13-27-31-019df99c-1eaa-7b50-87e9-f6bfd010c481.jsonl,9452965,2026-05-06T07:41:29,4106,1,37,292,0,Antigravity:1773; Drive:1357; Codex:667; Claude:398; Gemini:386; Browser:305; Brave:189; MCP:164; Edge:163; Claude Code:99; Codespaces:74; Chrome:35; CCA:30; AAV:26; MD5:15,<environment_context> <cwd>c:\Users\Dell\OneDrive</cwd> <shell>powershell</shell> <current_date>2026-05-05</current_date> <timezone>America/Denver</timezone> </environment_context>,"<subagent_notification> {""agent_path"":""019dfd77-7b66-7b90-8cd0-fdc3482ba085"",""status"":{""completed"":""Sí están cableados en la UI, pero hay huecos claros.\n\nLa superficie existe:\n- Botones y cards para `Claude Desktop`, `Browserless` y `Cloudflare Tunnel` están en [index.html](C:/Users/Dell/OneDrive/Antigravity/antigravity_core/dashboard/public/index.html:344), [index.html](C:/Users/Dell/OneDrive/Antigravity/antigravity_core/dashboard/public/index.html:404) y [index.html](C:/Users/Dell/OneDrive/Antigravity/antigra...","Estoy revisando la ruta de `Claude Desktop` en serio, no solo el instalador: configuración MCP, proceso vivo y si el servidor de `Claude Code` aguanta una prueba de arranque real. En paralelo voy a bajar la agresividad del core para que Antigravity ayude en vez de estar compitiendo por RAM/CPU con tus apps.",,019df99c-1eaa-7b50-87e9-f6bfd010c481,,2026-05-05T19:28:26.959Z | 2026-05-05T19:28:27.316Z | 2026-05-05T19:28:27.334Z | ... | 2026-05-06T13:39:14.685Z | 2026-05-06T13:39:18.584Z | 2026-05-06T13:41:29.256Z
codex_sessions,rollout-2026-05-06T07-25-59-019dfd77-7b66-7b90-8cd0-fdc3482ba085.jsonl,C:\Users\Dell\.codex\sessions\2026\05\06\rollout-2026-05-06T07-25-59-019dfd77-7b66-7b90-8cd0-fdc3482ba085.jsonl,9454187,2026-05-06T07:41:29,4123,0,33,292,0,Antigravity:1774; Drive:1368; Codex:682; Claude:400; Gemini:386; Browser:329; Brave:181; MCP:168; Edge:156; Claude Code:97; Codespaces:76; CCA:30; Chrome:28; AAV:27; MD5:13,<environment_context> <cwd>c:\Users\Dell\OneDrive</cwd> <shell>powershell</shell> <current_date>2026-05-05</current_date> <timezone>America/Denver</timezone> </environment_context>,"Explora solo UX/dashboard/tooling surface. Revisa si el dashboard realmente muestra los nuevos estados de Claude Desktop, Browserless y Tunnel, y si hay inconsistencias entre endpoints y UI. No edites nada. Devuélveme huecos concretos y rutas.","Sí están cableados en la UI, pero hay huecos claros. La superficie existe: - Botones y cards para `Claude Desktop`, `Browserless` y `Cloudflare Tunnel` están en [index.html](C:/Users/Dell/OneDrive/Antigravity/antigravity_core/dashboard/public/index.html:344), [index.html](C:/Users/Dell/OneDrive/Antigravity/antigravity_core/dashboard/public/index.html:404) y [index.html](C:/Users/Dell/OneDrive/Antigravity/antigravity_core/dashboard/public/index.html:414). - Los endpoints dedicados existen en [server.js](C:/Users/De...",,019dfd77-7b66-7b90-8cd0-fdc3482ba085,,2026-05-06T13:26:04.752Z | 2026-05-06T13:26:04.929Z | 2026-05-06T13:26:04.929Z | ... | 2026-05-06T13:41:29.179Z | 2026-05-06T13:41:29.226Z | 2026-05-06T13:41:29.254Z
codex_sessions,rollout-2026-05-06T07-25-18-019dfd76-dbb4-70b1-aa31-c3db97f88067.jsonl,C:\Users\Dell\.codex\sessions\2026\05\06\rollout-2026-05-06T07-25-18-019dfd76-dbb4-70b1-aa31-c3db97f88067.jsonl,9375314,2026-05-06T07:39:18,4098,0,33,298,0,Antigravity:1741; Drive:1353; Codex:665; Claude:448; Gemini:378; Browser:289; Brave:177; MCP:165; Edge:155; Claude Code:96; Codespaces:73; Chrome:31; CCA:30; AAV:26; MD5:12,<environment_context> <cwd>c:\Users\Dell\OneDrive</cwd> <shell>powershell</shell> <current_date>2026-05-05</current_date> <timezone>America/Denver</timezone> </environment_context>,"Explora solo el frente Claude Desktop en Windows. Busca logs, rutas, config, archivos de estado y cualquier pista local de por qué Claude Desktop podría abrir pero no cargar bien. No edites nada. Devuélveme hallazgos con rutas concretas y sugerencias accionables.","No edité nada. **Hallazgos** - La instancia viva de `Claude Desktop` sigue corriendo desde la versión vieja `1.5354.0`, no desde la nueva. El proceso principal actual sale de `C:\Users\Dell\AppData\Local\AnthropicClaude\app-1.5354.0\claude.exe`. En disco ya existe `app-1.6259.1`. Eso es la pista más fuerte. Evidencia: [main.log](C:/Users/Dell/AppData/Roaming/Claude/logs/main.log:1), [Squirrel-Update.log](C:/Users/Dell/AppData/Local/AnthropicClaude/Squirrel-Update.log:1). - El update sí se descargó e instaló. `Squi...",,019dfd76-dbb4-70b1-aa31-c3db97f88067,,2026-05-06T13:25:24.477Z | 2026-05-06T13:25:24.741Z | 2026-05-06T13:25:24.741Z | ... | 2026-05-06T13:39:18.411Z | 2026-05-06T13:39:18.491Z | 2026-05-06T13:39:18.582Z
codex_sessions,rollout-2026-05-06T07-25-46-019dfd77-4946-7b02-bd2a-1e2d02cf97de.jsonl,C:\Users\Dell\.codex\sessions\2026\05\06\rollout-2026-05-06T07-25-46-019dfd77-4946-7b02-bd2a-1e2d02cf97de.jsonl,9462602,2026-05-06T07:39:14,4089,0,33,294,0,Antigravity:1786; Drive:1362; Codex:668; Gemini:382; Claude:366; Browser:343; Brave:184; Edge:166; MCP:154; Claude Code:93; Codespaces:75; Chrome:30; CCA:30; AAV:25; MD5:12,<environment_context> <cwd>c:\Users\Dell\OneDrive</cwd> <shell>powershell</shell> <current_date>2026-05-05</current_date> <timezone>America/Denver</timezone> </environment_context>,"Explora solo oportunidades de offloading ya presentes en Antigravity. Revisa configs, providers, scripts, endpoints y faltantes claros para Browserless, Tunnel, Gitpod, Colab, Runpod, Modal, Redis, Turso, Neon. No edites nada. Devuélveme qué ya está, qué falta, y qué cambio local tendría más impacto inmediato.","No edité nada. **Resumen** Antigravity ya tiene un “control plane” de offloading, pero de los providers que pediste solo `Browserless`, `Cloudflare Tunnel` y `Neon` tienen wiring real en código. El resto vive hoy en config, `ProviderIntelligence`, blueprints y snapshots, pero no en ejecutores/clientes propios. Además, `configured` no significa “funcionando”: hoy solo significa “hay envs presentes”, según [OffloadConfig.js](C:/Users/Dell/OneDrive/Antigravity/antigravity_core/OffloadConfig.js:12). Y en este equipo n...",,019dfd77-4946-7b02-bd2a-1e2d02cf97de,,2026-05-06T13:25:52.112Z | 2026-05-06T13:25:52.144Z | 2026-05-06T13:25:52.145Z | ... | 2026-05-06T13:39:14.229Z | 2026-05-06T13:39:14.269Z | 2026-05-06T13:39:14.683Z
codex_sessions,rollout-2026-05-06T07-25-34-019dfd77-1954-7ae2-9cb3-d643c55350fb.jsonl,C:\Users\Dell\.codex\sessions\2026\05\06\rollout-2026-05-06T07-25-34-019dfd77-1954-7ae2-9cb3-d643c55350fb.jsonl,9523122,2026-05-06T07:37:41,4074,0,33,291,0,Antigravity:1780; Drive:1355; Codex:663; Gemini:388; Claude:378; Browser:311; Brave:188; Edge:170; MCP:159; Claude Code:94; Codespaces:73; Chrome:35; CCA:33; AAV:26; MD5:13,<environment_context> <cwd>c:\Users\Dell\OneDrive</cwd> <shell>powershell</shell> <current_date>2026-05-05</current_date> <timezone>America/Denver</timezone> </environment_context>,"Explora solo rendimiento y congelamientos locales. Revisa scripts/procesos de Antigravity que puedan estar haciendo trabajo pesado o frecuente de más: dashboard, OmniCore, offloader, PowerShell loops, browser cleaners, etc. No edites nada. Reporta hotspots y riesgos con rutas concretas.","**Hallazgos** - `Crítico`: [TurboFluidity_Integrator.js](C:/Users/Dell/OneDrive/Antigravity/antigravity_core/TurboFluidity_Integrator.js:26) es el hotspot más agresivo. En una sola corrida borra cachés de navegadores (`:26`), limpia `%TEMP%` (`:37`), hace `EmptyWorkingSet()` contra todos los procesos (`:54-60`), vuelve a trimar Chrome/Brave/Edge (`:117-125`), toca TCP global con `netsh` (`:77-79`) y además dispara recuperación Wi‑Fi (`:67-75`). [Antigravity_OmniCore.js](C:/Users/Dell/OneDrive/Antigravity/antigravi...",,019dfd77-1954-7ae2-9cb3-d643c55350fb,,2026-05-06T13:25:39.487Z | 2026-05-06T13:25:39.595Z | 2026-05-06T13:25:39.595Z | ... | 2026-05-06T13:37:41.748Z | 2026-05-06T13:37:41.748Z | 2026-05-06T13:37:41.842Z
codex_sessions,rollout-2026-05-06T06-47-51-019dfd54-8f84-7420-bd64-9f4ad55aed70.jsonl,C:\Users\Dell\.codex\sessions\2026\05\06\rollout-2026-05-06T06-47-51-019dfd54-8f84-7420-bd64-9f4ad55aed70.jsonl,8137147,2026-05-06T07:24:09,3825,0,32,263,0,Antigravity:1643; Drive:1271; Codex:622; Gemini:376; Claude:319; Browser:265; Brave:178; Edge:156; MCP:129; Claude Code:94; Codespaces:71; Chrome:26; CCA:26; AAV:24; MD5:12,<environment_context> <cwd>c:\Users\Dell\OneDrive</cwd> <shell>powershell</shell> <current_date>2026-05-05</current_date> <timezone>America/Denver</timezone> </environment_context>,"<turn_aborted> The user interrupted the previous turn on purpose. Any running unified exec processes may still be running in the background. If any tools/commands were aborted, they may have partially executed; verify current state before retrying. </turn_aborted>","Encontré una inconsistencia de frescura: el dashboard rápido ya estaba bien, pero el blueprint podía heredarse de un snapshot viejo. Eso sí vale la pena corregirlo, porque el blueprint es una acción explícita y conviene que salga siempre con estado real al momento.",,019dfd54-8f84-7420-bd64-9f4ad55aed70,,2026-05-06T12:48:00.334Z | 2026-05-06T12:48:01.570Z | 2026-05-06T12:48:01.825Z | ... | 2026-05-06T13:24:09.661Z | 2026-05-06T13:24:09.661Z | 2026-05-06T13:24:09.721Z
codex_sessions,rollout-2026-05-05T20-56-45-019dfb37-6717-7851-bfa0-2a8df05744cc.jsonl,C:\Users\Dell\.codex\sessions\2026\05\05\rollout-2026-05-05T20-56-45-019dfb37-6717-7851-bfa0-2a8df05744cc.jsonl,5431940,2026-05-05T20:56:46,2557,0,27,196,0,Antigravity:1082; Drive:873; Codex:390; Gemini:283; Edge:119; Browser:101; Claude:69; Brave:69; MCP:63; Claude Code:29; Chrome:22; CCA:19; AAV:16; Codespaces:12; MD5:8,<environment_context> <cwd>c:\Users\Dell\OneDrive</cwd> <shell>powershell</shell> <current_date>2026-05-05</current_date> <timezone>America/Denver</timezone> </environment_context>,"Inspecciona el repo en C:\Users\Dell\OneDrive\Antigravity\antigravity_core y dime los mejores puntos de integración para añadir: 1) estado del toolchain local (Brave, git, gh, cloudflared, Claude Desktop, Claude Code), 2) estado del nodo remoto Oppo/SSH, 3) recomendaciones de offloading más útiles sin romper el dashboard actual. No edites nada. Quiero rutas de archivos y sugerencias concretas.","`gh` y `cloudflared` sí entraron bien en modo usuario. `Git` es el que sigue peleando con Windows Installer, así que voy a revisar exactamente en qué estado quedó antes de decidir si conviene rematarlo por otro canal.",,019dfb37-6717-7851-bfa0-2a8df05744cc,,2026-05-06T02:56:46.086Z | 2026-05-06T02:56:46.189Z | 2026-05-06T02:56:46.189Z | ... | 2026-05-06T03:35:21.425Z | 2026-05-06T03:35:21.495Z | 2026-05-06T03:35:32.954Z
codex_sessions,rollout-2026-05-05T18-41-12-019dfabb-4c97-7483-b8b8-e5f1ad885a61.jsonl,C:\Users\Dell\.codex\sessions\2026\05\05\rollout-2026-05-05T18-41-12-019dfabb-4c97-7483-b8b8-e5f1ad885a61.jsonl,2319000,2026-05-05T18:56:40,1456,0,18,112,0,Antigravity:575; Drive:489; Codex:250; Gemini:198; Edge:62; Browser:52; MCP:41; Chrome:16; Brave:14; CCA:8; AAV:8; MD5:6; ChatGPT:3; Claude:3; fuentes:2,<environment_context> <cwd>c:\Users\Dell\OneDrive</cwd> <shell>powershell</shell> <current_date>2026-05-05</current_date> <timezone>America/Denver</timezone> </environment_context>,"Inspecciona el repo C:\Users\Dell\OneDrive\Antigravity para encontrar TODO lo relacionado con Wi-Fi, Bluetooth, radio, red, recuperación, drivers o logs del sistema dentro de Antigravity. Devuélveme un resumen corto con archivos clave y qué hacen. No edites nada.","No está resuelto todavía. Ya agoté lo que podía hacerse desde esta sesión sin tocar físicamente el radio ni conseguir elevación real de Windows, y ya quedó claro qué pasó y qué falta. **Hallazgos** - El `4 de mayo de 2026` el Wi‑Fi todavía funcionaba. En `WLAN-AutoConfig` quedó una conexión exitosa a `INFINITUM16A4_2.4` a las `10:59:17 PM`. - Justo antes, a las `10:58:52 PM`, `Cloudflare WARP` tocó su adaptador virtual `Wintun`, y a las `10:58:56 PM` Windows reinició el dispositivo Wi‑Fi `Intel(R) Centrino(R) Adva...",,019dfabb-4c97-7483-b8b8-e5f1ad885a61,,2026-05-06T00:41:12.683Z | 2026-05-06T00:41:12.841Z | 2026-05-06T00:41:12.841Z | ... | 2026-05-06T00:56:40.265Z | 2026-05-06T00:56:40.289Z | 2026-05-06T00:56:40.317Z
codex_sessions,rollout-2026-05-05T18-41-13-019dfabb-51f7-7ea2-bc65-1d5d03d6d0af.jsonl,C:\Users\Dell\.codex\sessions\2026\05\05\rollout-2026-05-05T18-41-13-019dfabb-51f7-7ea2-bc65-1d5d03d6d0af.jsonl,2378384,2026-05-05T18:54:11,1440,0,18,107,0,Antigravity:552; Drive:487; Codex:243; Gemini:200; Edge:66; Browser:56; MCP:48; Chrome:17; Brave:15; CCA:8; MD5:6; AAV:6; ChatGPT:3; Claude:3; fuentes:3,<environment_context> <cwd>c:\Users\Dell\OneDrive</cwd> <shell>powershell</shell> <current_date>2026-05-05</current_date> <timezone>America/Denver</timezone> </environment_context>,"Inspecciona el repo C:\Users\Dell\OneDrive\Antigravity para mapear MCPs, extensiones, integraciones y piezas de offloading/cloud que existan ya. Quiero un resumen corto con archivos clave, scripts, configuraciones y huecos claros. No edites nada.","No quedó reparado todavía, pero sí quedó aislado con bastante precisión qué pasó y qué sigue bloqueando la recuperación. **Lo que encontré** - El Wi‑Fi sí funcionaba de verdad el `4 de mayo de 2026` hasta al menos `10:59:17 PM`, con conexión exitosa a `INFINITUM16A4_2.4`. - Justo antes, a `10:58:56 PM`, `setupapi.dev.log` muestra que Windows reinició el adaptador Wi‑Fi; además `Cloudflare WARP` tocó `Wintun` en `10:58:52 PM`. Aun así, el Wi‑Fi volvió a conectar, así que eso no fue la caída final. - El `5 de mayo d...",,019dfabb-51f7-7ea2-bc65-1d5d03d6d0af,,2026-05-06T00:41:13.697Z | 2026-05-06T00:41:13.701Z | 2026-05-06T00:41:13.848Z | ... | 2026-05-06T00:54:08.971Z | 2026-05-06T00:54:11.302Z | 2026-05-06T00:54:11.377Z
codex_sessions,rollout-2026-03-02T19-53-52-019cb19d-c50e-74b2-80d1-e69cb2d5503f.jsonl,C:\Users\Dell\.codex\sessions\2026\03\02\rollout-2026-03-02T19-53-52-019cb19d-c50e-74b2-80d1-e69cb2d5503f.jsonl,339086,2026-03-02T19:56:11,93,0,2,6,0,Antigravity:27; Codex:25; Drive:23; ChatGPT:6; Claude:6; Gemini:6; Browser:4; MCP:1; Edge:1; AAV:1,"# AGENTS.md instructions for c:\Users\Dell\OneDrive\Antigravity <INSTRUCTIONS> ## Skills A skill is a set of local instructions to follow that is stored in a `SKILL.md` file. Below is the list of skills that can be used. Each entry includes a name, description, and file path so you can open the source for full instructions when using a specific skill. ### Available skills - cloudflare-deploy: Deploy applications and infrastructure to Cloudflare using Workers, Pages, and related platform services. Use when the user...","hazme una pagina de internet que que una las tres inteligencias artificiales (chatgpt, gemini, claude) en un solo chat, y sin que tenga botones sino que una ia decida que ia usar dependiendo de que cosa, usa el navegador y programa su funcionamiento y dalle un buen dise;o moderno",La edición grande falló por límite del parche en Windows. La voy a partir en cambios más pequeños para escribir los tres archivos sin tocar nada más.,,019cb19d-c50e-74b2-80d1-e69cb2d5503f,,2026-03-03T02:56:11.410Z | 2026-03-03T02:56:11.578Z | 2026-03-03T02:56:11.578Z | ... | 2026-03-03T03:05:11.207Z | 2026-03-03T03:06:13.729Z | 2026-03-03T03:06:13.769Z
codex_sessions,rollout-2026-03-02T14-24-59-019cb070-aad7-7cd0-a209-edb52aebaaad.jsonl,C:\Users\Dell\.codex\sessions\2026\03\02\rollout-2026-03-02T14-24-59-019cb070-aad7-7cd0-a209-edb52aebaaad.jsonl,1601255,2026-03-02T14:26:18,522,0,9,26,0,Codex:199; Antigravity:105; Drive:96; Browser:63; MCP:51; fuentes:17; Chrome:15; Edge:8; ChatGPT:2; MD5:2; AAV:1,"# AGENTS.md instructions for c:\Users\Dell\OneDrive\Antigravity <INSTRUCTIONS> ## Skills A skill is a set of local instructions to follow that is stored in a `SKILL.md` file. Below is the list of skills that can be used. Each entry includes a name, description, and file path so you can open the source for full instructions when using a specific skill. ### Available skills - cloudflare-deploy: Deploy applications and infrastructure to Cloudflare using Workers, Pages, and related platform services. Use when the user...",si si es,"Entonces la parte pública importante quedó bien: `B64SAW7` sí corresponde al `Chevrolet Cruze 2014` con VIN `1G1PC5SB4E7268753`, sin reporte de robo y sin adeudo visible en Chihuahua. Lo único que ya no puedo sustituir desde aquí es la validación física del VIN en el carro. Si el VIN del tablero y de la puerta también es `1G1PC5SB4E7268753`, ya no veo una alerta pública obvia en las consultas que hice. Si quieres seguir, te recomiendo esto: 1. Mándame una foto del VIN del tablero o de la etiqueta de la puerta y te...",,019cb070-aad7-7cd0-a209-edb52aebaaad,,2026-03-02T21:26:18.042Z | 2026-03-02T21:26:18.099Z | 2026-03-02T21:26:18.099Z | ... | 2026-03-02T21:52:27.527Z | 2026-03-02T21:52:27.573Z | 2026-03-02T21:52:27.575Z
codex_sessions,rollout-2026-03-02T13-51-19-019cb051-d6ff-75e2-af02-bb4fd3cf33b9.jsonl,C:\Users\Dell\.codex\sessions\2026\03\02\rollout-2026-03-02T13-51-19-019cb051-d6ff-75e2-af02-bb4fd3cf33b9.jsonl,4631168,2026-03-02T13:51:31,385,0,3,26,0,Codex:115; Antigravity:103; Drive:100; MCP:23; Browser:20; Gemini:6; CCA:4; Brave:4; inventario:3; Edge:2; AAV:1; MD5:1,"# AGENTS.md instructions for c:\Users\Dell\OneDrive\Antigravity <INSTRUCTIONS> ## Skills A skill is a set of local instructions to follow that is stored in a `SKILL.md` file. Below is the list of skills that can be used. Each entry includes a name, description, and file path so you can open the source for full instructions when using a specific skill. ### Available skills - cloudflare-deploy: Deploy applications and infrastructure to Cloudflare using Workers, Pages, and related platform services. Use when the user...","PLEASE IMPLEMENT THIS PLAN: # Rediseño de `PANOPTICO_ULTIMATE_DASHBOARD.html` como Centro de Mando Operativo ## Resumen Se convertirá [PANOPTICO_ULTIMATE_DASHBOARD.html](/C:/Users/Dell/OneDrive/Antigravity/PANOPTICO_ULTIMATE_DASHBOARD.html) de una landing estática con copy corrupto en un dashboard técnico real, orientado a operador, usando datos reales del proyecto PANOPTICO y funcionando en dos modos: - `file://`: renderiza un snapshot embebido dentro del HTML para abrirse con doble clic sin dependencias. - `http...","Rehice [PANOPTICO_ULTIMATE_DASHBOARD.html](/C:/Users/Dell/OneDrive/Antigravity/PANOPTICO_ULTIMATE_DASHBOARD.html) como un dashboard operativo real. Ahora tiene barra superior de estado, KPIs, postura operativa, timeline, procesos dominantes, rail lateral con severidad/baseline/usuarios/red, bloque de modulos y CTAs corregidos al reporte e informe tecnico del repo. Tambien eliminé el mockup externo, las rutas `file:///`, el mojibake y dejé un snapshot embebido con los datos reales que definiste. El archivo sigue si...",,019cb051-d6ff-75e2-af02-bb4fd3cf33b9,,2026-03-02T20:51:31.157Z | 2026-03-02T20:51:31.505Z | 2026-03-02T20:51:31.587Z | ... | 2026-03-02T21:24:23.387Z | 2026-03-02T21:24:23.444Z | 2026-03-02T21:24:23.470Z
codex_sessions,rollout-2026-03-02T00-49-13-019cad85-cdec-7cd3-934f-bb774f2b574b.jsonl,C:\Users\Dell\.codex\sessions\2026\03\02\rollout-2026-03-02T00-49-13-019cad85-cdec-7cd3-934f-bb774f2b574b.jsonl,2752764,2026-03-02T12:32:51,1058,0,8,54,0,Antigravity:374; Drive:317; Codex:281; MCP:188; Browser:12; CCA:9; Gemini:7; ChatGPT:7; AAV:5; Chrome:3; MD5:3; duplicados:3; Edge:2; Claude:2; gdoc:1,"# AGENTS.md instructions for c:\Users\Dell\OneDrive\Antigravity <INSTRUCTIONS> ## Skills A skill is a set of local instructions to follow that is stored in a `SKILL.md` file. Below is the list of skills that can be used. Each entry includes a name, description, and file path so you can open the source for full instructions when using a specific skill. ### Available skills - cloudflare-deploy: Deploy applications and infrastructure to Cloudflare using Workers, Pages, and related platform services. Use when the user...",puedes revisar mis conversaciones con antigravity aqui? no te salen si exploras todo el entorno?,"Voy a revisar el almacenamiento local de Antigravity para ver si tus conversaciones están persistidas aquí como texto, base de datos o metadatos de trayectorias. Primero busco dónde guarda estado, logs y posibles historiales, y luego te digo exactamente qué sí puedo leer y qué no.",,019cad85-cdec-7cd3-934f-bb774f2b574b,,2026-03-02T07:49:56.409Z | 2026-03-02T07:49:56.413Z | 2026-03-02T07:49:56.413Z | ... | 2026-03-02T19:32:51.101Z | 2026-03-02T19:32:51.263Z | 2026-03-02T19:32:51.636Z
codex_sessions,rollout-2026-03-02T00-07-07-019cad5f-416a-7b02-9bdb-7fb49fe155d9.jsonl,C:\Users\Dell\.codex\sessions\2026\03\02\rollout-2026-03-02T00-07-07-019cad5f-416a-7b02-9bdb-7fb49fe155d9.jsonl,1628989,2026-03-02T00:43:03,429,0,6,30,0,Antigravity:165; Codex:132; Drive:118; MCP:35; Browser:4; AAV:4; Chrome:3; Edge:2; inventario:2; MD5:2; fuentes:2; duplicados:1; Brave:1,"# AGENTS.md instructions for c:\Users\Dell\OneDrive\Antigravity <INSTRUCTIONS> ## Skills A skill is a set of local instructions to follow that is stored in a `SKILL.md` file. Below is the list of skills that can be used. Each entry includes a name, description, and file path so you can open the source for full instructions when using a specific skill. ### Available skills - cloudflare-deploy: Deploy applications and infrastructure to Cloudflare using Workers, Pages, and related platform services. Use when the user...",# Context from my IDE setup: ## Open tabs: - MANIFESTO_EVOLUCION_FINAL.md: MANIFESTO_EVOLUCION_FINAL.md - ANTIGRAVITY_ULTIMATE_EVOLUTION_2d027.html: ANTIGRAVITY_ULTIMATE_EVOLUTION_2d027.html - report.html: PANOPTICO_ZERO_TRUST/data/reports/report.html - AUDITORIA_MAESTRA.md: AUDITORIA_MAESTRA.md - INFORME_TECNICO_EXTENSO.md: PANOPTICO_ZERO_TRUST/INFORME_TECNICO_EXTENSO.md ## My request for Codex: haz lo que haga falta,"Dejé el workspace con una entrada principal real y coherente. La home nueva ya existe en [ANTIGRAVITY_HOME_FROM_DESIGN.html](c:\Users\Dell\OneDrive\Antigravity\ANTIGRAVITY_HOME_FROM_DESIGN.html), y ahora también hay [index.html](c:\Users\Dell\OneDrive\Antigravity\index.html) redirigiendo directo a esa home para que el repo tenga un punto de entrada estable. También corregí navegación y referencias frágiles: el manifiesto ahora incluye la nueva home como artefacto principal en [MANIFESTO_EVOLUCION_FINAL.md](c:\User...",,019cad5f-416a-7b02-9bdb-7fb49fe155d9,,2026-03-02T07:07:14.963Z | 2026-03-02T07:07:15.070Z | 2026-03-02T07:07:15.070Z | ... | 2026-03-02T07:43:03.090Z | 2026-03-02T07:43:03.127Z | 2026-03-02T07:43:03.138Z
codex_sessions,rollout-2026-03-01T05-12-23-019ca950-60b2-7542-93b8-e88f25a80a15.jsonl,C:\Users\Dell\.codex\sessions\2026\03\01\rollout-2026-03-01T05-12-23-019ca950-60b2-7542-93b8-e88f25a80a15.jsonl,3547545,2026-03-01T23:26:03,1694,0,11,106,0,Codex:820; Antigravity:419; Gemini:410; MCP:21; inventario:10; CCA:8; MD5:8; fuentes:6; AAV:5; Edge:3; duplicados:2; Chrome:2; Drive:2; ChatGPT:1; Browser:1,"# AGENTS.md instructions for c:\Users\Dell\.gemini\antigravity\scratch\Codex_Project <INSTRUCTIONS> ## Skills A skill is a set of local instructions to follow that is stored in a `SKILL.md` file. Below is the list of skills that can be used. Each entry includes a name, description, and file path so you can open the source for full instructions when using a specific skill. ### Available skills - skill-creator: Guide for creating effective skills. This skill should be used when users want to create a new skill (or u...","# Context from my IDE setup: ## Open tabs: - PANOPTICO_ULTIMATE_DASHBOARD.html: PANOPTICO_ULTIMATE_DASHBOARD.html - REPORTE_EJECUTIVO_V2.html: PANOPTICO_ZERO_TRUST/REPORTE_EJECUTIVO_V2.html - module2_deep_inspector.jsonl: PANOPTICO_ZERO_TRUST/data/telemetry/module2_deep_inspector.jsonl - report.html: PANOPTICO_ZERO_TRUST/data/reports/report.html - SOLUCION_TOTAL_DASHBOARD.html: PANOPTICO_ZERO_TRUST/SOLUCION_TOTAL_DASHBOARD.html ## My request for Codex: Use Playwright MCP to test my website: open it, click around t...","Ya tengo el estado real: dos páginas existentes, sin navegación interna, con hallazgos concretos de contenido/codificación y sin Playwright MCP/Figma MCP expuestos en esta sesión. Para cerrar un plan que sí sea implementable sin decisiones pendientes, me faltan dos preferencias tuyas porque cambian bastante el alcance.",,019ca950-60b2-7542-93b8-e88f25a80a15,,2026-03-01T12:13:07.219Z | 2026-03-01T12:13:07.230Z | 2026-03-01T12:13:07.230Z | ... | 2026-03-02T06:26:00.836Z | 2026-03-02T06:26:03.356Z | 2026-03-02T06:26:03.358Z
codex_sessions,rollout-2026-02-28T19-51-24-019ca74e-c7dd-77b0-9d63-e4aecde74641.jsonl,C:\Users\Dell\.codex\sessions\2026\02\28\rollout-2026-02-28T19-51-24-019ca74e-c7dd-77b0-9d63-e4aecde74641.jsonl,3956730,2026-03-01T21:39:26,2528,0,14,111,0,Codex:1382; Antigravity:725; Gemini:686; MCP:23; AAV:17; CCA:13; Drive:11; MD5:9; Chrome:6; Edge:4; fuentes:4; Browser:3; inventario:2; Brave:2; NEXUS:1,"# AGENTS.md instructions for c:\Users\Dell\.gemini\antigravity\scratch\Codex_Project <INSTRUCTIONS> ## Skills A skill is a set of local instructions to follow that is stored in a `SKILL.md` file. Below is the list of skills that can be used. Each entry includes a name, description, and file path so you can open the source for full instructions when using a specific skill. ### Available skills - skill-creator: Guide for creating effective skills. This skill should be used when users want to create a new skill (or u...","se volvi'o a bloquear por play protect, haz algo","No puedo ayudarte a evadir o desactivar `Play Protect` para forzar la instalación de una APK bloqueada. Tampoco puedo garantizar `100%` que una app sideloaded no vuelva a detenerse: esa decisión la toma Google/Android en el teléfono. La vía segura y más fuerte para tu caso es usar una app oficial de Google que ya hace justo eso: `Voice Access`. Google la mantiene en Play Store y está pensada para controlar Android por voz, incluyendo navegación, toques, scroll y dictado. En la ficha oficial aparece como `Voice Acc...",,019ca74e-c7dd-77b0-9d63-e4aecde74641,,2026-03-01T02:58:31.028Z | 2026-03-01T02:58:31.487Z | 2026-03-01T02:58:31.488Z | ... | 2026-03-02T04:39:26.447Z | 2026-03-02T04:39:26.516Z | 2026-03-02T04:39:26.543Z
codex_sessions,rollout-2026-03-01T11-30-49-019caaaa-d9ca-77b2-8302-7d6525c7a35d.jsonl,C:\Users\Dell\.codex\sessions\2026\03\01\rollout-2026-03-01T11-30-49-019caaaa-d9ca-77b2-8302-7d6525c7a35d.jsonl,2156551,2026-03-01T13:41:09,1280,0,5,47,0,Codex:596; Antigravity:388; Drive:315; MCP:314; Gemini:71; Claude:38; NotebookLM:23; Edge:9; CCA:8; fuentes:6; AAV:6; Chrome:5; Claude Code:5; Browser:4; MD5:2,"# AGENTS.md instructions for c:\Users\Dell\OneDrive\Antigravity <INSTRUCTIONS> ## Skills A skill is a set of local instructions to follow that is stored in a `SKILL.md` file. Below is the list of skills that can be used. Each entry includes a name, description, and file path so you can open the source for full instructions when using a specific skill. ### Available skills - skill-creator: Guide for creating effective skills. This skill should be used when users want to create a new skill (or update an existing ski...","pues mira ya hice estas mejoras en otro chat, busca y piensa en que otras y m{as mejoras mejores podemos hacer tambien: ""MCP servers Connect external tools and data sources. Docs Custom servers No custom MCP servers connected Add server""","Ese panel ya no lo tomaría como objetivo principal. Revisando tus sesiones y el estado real, lo importante es que ya tienes una base MCP montada y el siguiente salto no es “más entradas”, sino mejor gobierno, salud y sincronización. Lo que ya quedó hecho de verdad: - Codex ya tiene `antigravity-research`, `codex-workspace` y `firebase` en [config.toml](C:/Users/Dell/.codex/config.toml). - Antigravity/Roo ya tiene esos servidores fusionados en [cline_mcp_settings.json](C:/Users/Dell/AppData/Roaming/Antigravity/User...",,019caaaa-d9ca-77b2-8302-7d6525c7a35d,,2026-03-01T18:34:03.838Z | 2026-03-01T18:34:03.846Z | 2026-03-01T18:34:03.847Z | ... | 2026-03-01T20:41:09.529Z | 2026-03-01T20:41:09.537Z | 2026-03-01T20:41:09.541Z
codex_sessions,rollout-2026-03-01T10-16-33-019caa66-d741-7312-a479-9d2ee8d77c6f.jsonl,C:\Users\Dell\.codex\sessions\2026\03\01\rollout-2026-03-01T10-16-33-019caa66-d741-7312-a479-9d2ee8d77c6f.jsonl,1542440,2026-03-01T12:54:38,1135,0,2,32,0,Codex:445; Antigravity:388; Drive:307; MCP:54; Chrome:11; Gemini:8; Browser:6; AAV:6; Edge:3; ChatGPT:2; CCA:2; MD5:1; NotebookLM:1,"# AGENTS.md instructions for c:\Users\Dell\OneDrive\Antigravity <INSTRUCTIONS> ## Skills A skill is a set of local instructions to follow that is stored in a `SKILL.md` file. Below is the list of skills that can be used. Each entry includes a name, description, and file path so you can open the source for full instructions when using a specific skill. ### Available skills - skill-creator: Guide for creating effective skills. This skill should be used when users want to create a new skill (or update an existing ski...","busca en youtube todos TODOS los videos que te salgan cuando busques Antigravity, en ingles y español, analizalos con las transcripciones de cada uno, su contenido, no importa cuantos sean, extrae ideas de mejoras e integraciones para antigravity e implementalas aqui, skills, mcp, extensiones, herramientas, agentes, configuraciones, TODAS LAS MEJORAS que extraigas y las que se te ocurran, toda una lluvia de ideas que ya hay en youtube y tu propia lluvia de ideas de todas tus sugerencias y mejoras para aqui en anti...","Implementé un pipeline real para que Antigravity pueda seguir minando YouTube y convertir esos hallazgos en mejoras usables dentro del workspace. La pieza central quedó en [collect-antigravity-videos.ps1](C:/Users/Dell/OneDrive/Antigravity/tools/youtube/collect-antigravity-videos.ps1), [build-antigravity-insights.ps1](C:/Users/Dell/OneDrive/Antigravity/tools/youtube/build-antigravity-insights.ps1), [antigravity-research-mcp.ps1](C:/Users/Dell/OneDrive/Antigravity/tools/mcp/antigravity-research-mcp.ps1) y [mcp_conf...",,019caa66-d741-7312-a479-9d2ee8d77c6f,,2026-03-01T17:16:38.949Z | 2026-03-01T17:16:38.987Z | 2026-03-01T17:16:39.147Z | ... | 2026-03-01T19:54:27.925Z | 2026-03-01T19:54:37.844Z | 2026-03-01T19:54:38.215Z
codex_sessions,rollout-2026-02-28T19-43-58-019ca747-faef-7880-8206-1446df12a782.jsonl,C:\Users\Dell\.codex\sessions\2026\02\28\rollout-2026-02-28T19-43-58-019ca747-faef-7880-8206-1446df12a782.jsonl,39234,2026-02-28T19:45:35,25,0,2,2,0,Codex:19; Gemini:8; Antigravity:8; Edge:3,"# AGENTS.md instructions for C:\Users\Dell\.gemini\antigravity\scratch\Codex_Project <INSTRUCTIONS> ## Skills A skill is a set of local instructions to follow that is stored in a `SKILL.md` file. Below is the list of skills that can be used. Each entry includes a name, description, and file path so you can open the source for full instructions when using a specific skill. ### Available skills - skill-creator: Guide for creating effective skills. This skill should be used when users want to create a new skill (or u...","Crea el archivo hello_codex.md con el texto 'Hola mundo loco, soy la IA' aqui en el directorio actual","No pude crear `hello_codex.md` porque este entorno está en modo solo lectura y la política bloquea escrituras. Si quieres hacerlo en tu terminal dentro de este directorio, ejecuta: ```powershell Set-Content -Path hello_codex.md -Value 'Hola mundo loco, soy la IA' ``` Eso creará [`hello_codex.md`](C:\Users\Dell\.gemini\antigravity\scratch\Codex_Project\hello_codex.md) con ese contenido.",,019ca747-faef-7880-8206-1446df12a782,,2026-03-01T02:43:59.661Z | 2026-03-01T02:43:59.669Z | 2026-03-01T02:43:59.669Z | ... | 2026-03-01T02:45:35.494Z | 2026-03-01T02:45:35.502Z | 2026-03-01T02:45:35.505Z
codex_sessions,rollout-2026-02-28T19-42-55-019ca747-0053-7e01-afb8-87a6d0fdfdff.jsonl,C:\Users\Dell\.codex\sessions\2026\02\28\rollout-2026-02-28T19-42-55-019ca747-0053-7e01-afb8-87a6d0fdfdff.jsonl,33028,2026-02-28T19:43:14,19,0,2,2,0,Codex:13; Gemini:3; Antigravity:3; Edge:2,"# AGENTS.md instructions for C:\Users\Dell\.gemini\antigravity\scratch\Codex_Project <INSTRUCTIONS> ## Skills A skill is a set of local instructions to follow that is stored in a `SKILL.md` file. Below is the list of skills that can be used. Each entry includes a name, description, and file path so you can open the source for full instructions when using a specific skill. ### Available skills - skill-creator: Guide for creating effective skills. This skill should be used when users want to create a new skill (or u...",Crea el archivo hello_codex.md con el texto Hola mundo aqui en el directorio actual,"No puedo crear `hello_codex.md` desde esta sesión porque el sistema de archivos está en modo solo lectura. Si quieres hacerlo tú en el directorio actual, usa PowerShell: ```powershell Set-Content -Path .\hello_codex.md -Value 'Hola mundo' ``` Si prefieres que el contenido sea exactamente `Hola mundo aqui`, usa: ```powershell Set-Content -Path .\hello_codex.md -Value 'Hola mundo aqui' ``` Si me das una sesión con escritura, lo hago directamente.",,019ca747-0053-7e01-afb8-87a6d0fdfdff,,2026-03-01T02:42:59.717Z | 2026-03-01T02:43:00.262Z | 2026-03-01T02:43:00.291Z | ... | 2026-03-01T02:43:14.211Z | 2026-03-01T02:43:14.245Z | 2026-03-01T02:43:14.525Z
